,brand,alignment
333,everbank,-0.17473946698548148
159,greats,-0.1564899573385945
1064,brothers,-0.1424514455054443
1365,liftmaster,-0.12638196194371906
1011,harpoon,-0.12425969235582944
1112,johnson,-0.1216495590362144
1097,booyah,-0.12083310100255959
146,rampage,-0.12010300097415677
35,reebok,-0.11815865388877156
349,esp,-0.1130207183957247
1424,jayco,-0.1088147405799182
1398,cobra,-0.10740265058831713
1104,daiwa,-0.10653876598562537
1342,bosch,-0.1059515654238335
505,awin,-0.105701572061948
982,landshark,-0.1009289714107133
31,nike,-0.0997718321995113
589,jbm,-0.09941712691305356
1117,mustad,-0.09940628492552853
528,marco,-0.09729727431436859
40,shimano,-0.09709143981024171
138,lucchese,-0.09649913386804046
18,gill,-0.09499989384993753
499,wwe,-0.0911888561151609
267,pimco,-0.09043983729165087
1459,vistajet,-0.09039774177705204
260,invesco,-0.08847369691779124
1352,emed,-0.08789661102010406
297,commsec,-0.08550789693708864
604,dav,-0.08516738789854808
1467,mauisails,-0.08312243114503748
870,magnum,-0.08155593185149995
534,multiview,-0.08108804226864344
317,jefferies,-0.08055890422192138
613,saic,-0.08029476601019842
332,uif,-0.08026567270303243
340,panchos,-0.07989067426800465
27,mavic,-0.0792930937219664
157,ecco,-0.07832992321570467
1422,featherlite,-0.0781710189010129
249,bloomberg,-0.07670386875274257
25,leatt,-0.07657451903434527
1012,hatuey,-0.07623468539263606
0,adidas,-0.07610346289998511
1311,ryobi,-0.07552298339069531
1464,microgame,-0.0749472850460729
97,sandro,-0.07448778315132853
39,scott,-0.07447701326235595
978,heineken,-0.07401751406169087
728,alen,-0.07357992787343126
275,allianz,-0.07354809963596542
551,synacor,-0.07340269909067937
169,supra,-0.07334504713686099
991,steinlager,-0.07317500481708625
487,laff,-0.07234672597311781
1305,acdelco,-0.07228013542616307
350,ifs,-0.07207118178573653
61,chubbies,-0.07142346255779312
29,mobius,-0.07086436007107272
469,zoom,-0.07081665190609682
847,skinner,-0.07057688668777551
465,nexcess,-0.07038243626680186
917,mariner,-0.06962588116228571
1143,smith,-0.06950902762332198
1405,toc,-0.06946701506050457
562,excalibur,-0.06918861583558314
1228,bestar,-0.06909800743662596
1107,frabill,-0.06877180116699144
177,cenzo,-0.06805799691484085
790,scitec,-0.06713586969660656
1019,gambrinus,-0.06711220551506744
131,gurus,-0.06708293363376698
1164,rawlings,-0.06689211892090083
1037,furbo,-0.06684860321558456
1421,dutchmen,-0.0660531534599563
814,san,-0.06585505112872223
210,shadetree,-0.0656164310784978
554,watchfire,-0.06529871301091321
1063,boneheads,-0.06388651333868559
1162,obrien,-0.06307402651173502
715,gatorade,-0.062170923883205206
193,roth,-0.061556332482157236
1324,axion,-0.06135021666697911
335,aecom,-0.06010995347111484
916,lance,-0.05992565733982666
387,octopus,-0.05970048457683382
24,laird,-0.059612818603290055
1110,halco,-0.05916757445583915
440,cybernet,-0.058718647190544315
104,wrangler,-0.05862871443374173
976,coors,-0.05856701865915141
1042,teledyne,-0.05855266361211986
288,optionshouse,-0.05850936714343796
1310,rayovac,-0.0574256699381484
86,lee,-0.057191430829844465
207,revo,-0.055819688956622496
1171,kontrolfreek,-0.055675889553896726
971,budweiser,-0.0552359350949342
1148,coleman,-0.05504909699740968
761,instone,-0.054767227757917675
511,designa,-0.05418882221203149
331,rabobank,-0.053762587465566974
1353,garrett,-0.053513004345920975
1312,saft,-0.05348858967701659
336,amone,-0.052857550640023426
51,zoot,-0.05279859313740326
255,gotham,-0.05273551965832674
96,rapala,-0.05237339735392038
1356,hid,-0.05194464286660545
1142,slick,-0.05180597489190665
259,icon,-0.0517560510373277
1170,fanatec,-0.05102147466622968
238,exxonmobil,-0.05038462017514042
377,htc,-0.050306153509265136
1015,miller,-0.05012541637721824
1108,gamakatsu,-0.04991185538108085
1193,baccarat,-0.049536481992074215
73,gabba,-0.04943567705790383
1220,valletta,-0.04858279173274646
150,sporto,-0.04791380908349614
1152,goalpost,-0.04742443927793394
302,goldmoney,-0.047173327436917385
1307,duracell,-0.046998828528954886
103,vince,-0.046985349501220644
1052,redfish,-0.04698119024273863
559,bdi,-0.046815536919375164
1199,gibson,-0.04610600065001519
1168,wincraft,-0.04572805604050639
366,bos,-0.04518068618679957
998,yuengling,-0.044636680722221
498,unimas,-0.04445863835959354
974,carlsberg,-0.044003228303009415
160,kuru,-0.0439458201604464
780,phillips,-0.0438212374659324
669,sensu,-0.04370540622518154
230,prosper,-0.04348787612866649
537,nielsen,-0.04347630061716433
247,betashares,-0.04334465963797238
107,aldo,-0.043137910465919485
731,ascent,-0.04302043341518071
720,paleo,-0.04283104320799267
301,forex,-0.042729563045253924
32,puma,-0.04246150488105236
338,credible,-0.04232704218446814
306,stash,-0.04226495451798486
12,dainese,-0.04171139488690344
250,cboe,-0.04126298626552155
1175,telltale,-0.041244091703553656
591,marel,-0.04076081080079675
405,viasat,-0.04039887597568469
234,netspend,-0.04030996308694426
373,epix,-0.04029449229335437
273,vanguard,-0.03997618343092689
356,sunbelt,-0.03995088318129843
272,uscf,-0.03979696257202248
1081,perkins,-0.03979529311959268
344,aig,-0.039383912159445034
199,costa,-0.03938157094415021
1001,rogue,-0.039347865781822644
1230,dreamland,-0.039100723249937214
749,evogen,-0.03872313288719637
1082,reubens,-0.038463826016676056
504,admore,-0.03781109011166757
535,netseer,-0.03763984706530874
953,brims,-0.03741222679759962
389,otelco,-0.0373315156942429
765,kion,-0.03711373283813581
46,thor,-0.037076475366341635
560,brewer,-0.03674183663599141
1161,niterider,-0.03660092866925961
580,navigator,-0.035948431983768216
1090,wingstreet,-0.03575938423166292
1160,newell,-0.03546816880596407
1277,liddell,-0.03540257746562631
611,marten,-0.03530740603397915
517,emg,-0.034815873093522964
442,kangaroo,-0.0346332413792509
396,slingshot,-0.03438944732183331
1302,steele,-0.034379587726427435
984,presidente,-0.03435429861567953
1408,fireking,-0.03408218977972564
1169,corsair,-0.034048585675459105
191,mcm,-0.033682990016228334
1219,stuart,-0.033562563724258004
1413,dap,-0.032837368984198145
1292,vianney,-0.032248249223415903
11,cortech,-0.03144948391773989
1428,norris,-0.03138568452747077
209,serengeti,-0.031231396292850818
84,kerusso,-0.031195204968190338
164,montrail,-0.031156527026821285
848,adams,-0.030680211810105915
439,amax,-0.03048185467827506
1379,rauckman,-0.03042587463253966
994,troegs,-0.030376351955653587
1440,blount,-0.030279614390270906
516,emerse,-0.030027414746984088
371,directv,-0.02990879598361014
1050,mos,-0.029768850556341365
203,kaenon,-0.02976751645185877
1027,gopro,-0.029607233664597745
1252,revived,-0.029535850795101726
446,canon,-0.029446917892537037
1375,pilz,-0.02944572505238805
1412,comex,-0.02917385349662676
1329,pinol,-0.029144985557189564
381,megapath,-0.028618761236566002
1387,senstar,-0.02838112352259954
1367,mcdermott,-0.028359202489810567
801,biocell,-0.027537348973843512
137,latigo,-0.027416298338994637
1372,paragon,-0.027156009809988835
964,amstel,-0.027097196732663073
694,cremo,-0.0270429311592347
4,assos,-0.026799941826791945
295,barings,-0.026549508638680025
771,mojo,-0.026460372006241576
1229,casper,-0.025465351484849352
294,zulutrade,-0.024963685907956886
1419,airstream,-0.024711428823013727
390,plateau,-0.024596388970679124
769,mhp,-0.024548277909362398
414,biblica,-0.024507030797444006
202,gatorz,-0.024236339857219895
1048,bonefish,-0.02391698425081912
959,richards,-0.02384644937349658
471,aflac,-0.023571291082659776
830,catania,-0.023326192085722095
786,probiogen,-0.023275760072985895
195,spartina,-0.02313907330295553
588,fraser,-0.02303340542785889
1039,fluke,-0.022897375893462368
362,armstrong,-0.02264901597158528
386,nitco,-0.022562524727384507
1429,novatech,-0.022404235662727645
1147,carlisle,-0.02165227221397617
833,enzo,-0.021628641088505485
443,msi,-0.02152078303620048
412,cogeco,-0.021274873390989744
897,gamesa,-0.02121067336688478
1233,eight,-0.021209015347278242
1445,merengue,-0.020839311709085102
56,caliber,-0.020817558450945715
262,liquidnet,-0.020732110656684864
464,jaguarpc,-0.02060230518242816
315,halkbank,-0.020535185126597265
545,radiumone,-0.020408260657581598
289,thinkorswim,-0.020283983379909575
1384,sectra,-0.020190109802794398
292,tradeweb,-0.020176051077680134
744,epicor,-0.019947199139697412
382,mweb,-0.019936753601771898
607,experis,-0.019906219160982442
636,ely,-0.019757736863766404
330,maxwell,-0.019731477518720873
612,merlin,-0.019492011342750266
634,duduk,-0.019211226488649615
1257,tulo,-0.019065262958927052
614,schneider,-0.01897966751394663
14,endura,-0.018936273155090957
87,levis,-0.018794667028478422
536,neustar,-0.01860670498457676
501,wgn,-0.018513226044682952
1247,marpac,-0.018259439589854754
1078,milestones,-0.01820514269278775
660,elf,-0.017420303521889655
1382,salto,-0.017370534280555783
1331,consilium,-0.017132069610387726
695,gillette,-0.017049564863152178
895,davids,-0.01681266345334491
355,moneycorp,-0.016775244339322568
384,netx,-0.016619775818676435
1194,bugatti,-0.016534669969015404
824,alessi,-0.016496144433977837
43,spidi,-0.01639380037551308
1240,lectus,-0.016154034479269778
1370,onity,-0.01595915996869522
961,tostitos,-0.015605784711355625
206,oakley,-0.015395979160889122
1394,triconex,-0.015206336042787677
842,tunisian,-0.014877317875044219
1374,philips,-0.014835549055972737
1176,thrustmaster,-0.014823119979008967
1285,sferra,-0.014808439790826088
887,outshine,-0.014659477681092237
139,mara,-0.014517081542863117
290,trademonster,-0.014270548338033588
993,tecate,-0.014011566127470624
793,staunch,-0.013910051553178718
712,atkins,-0.013814192389540365
88,milwaukee,-0.013727340146094563
106,zubaz,-0.013576418526581015
375,firstlight,-0.013295341100555245
432,protected,-0.013276768297222477
1132,burton,-0.013262040004898258
265,nationwide,-0.013152088794518929
23,ktm,-0.013148066317860672
328,iberiabank,-0.012924745230121493
413,eatel,-0.012862505355148754
1420,cm,-0.01233784381878297
47,vans,-0.012287213991986084
1319,reynolds,-0.012187372987044691
314,carax,-0.011911419442567883
767,limitless,-0.011658608900863766
72,filson,-0.011480190971039386
1000,redhook,-0.011355777161759437
286,nadex,-0.011147660224545164
452,leibinger,-0.011102325110754012
1278,malouf,-0.010875089637002079
753,ghr,-0.010849374677733961
527,maingate,-0.010836462011329696
1134,donek,-0.010825863082620672
287,oanda,-0.010817157899418624
1468,bikeradar,-0.010648870650307434
868,klondike,-0.010588913142096597
1298,lg,-0.010376138001856081
437,advantech,-0.010360237910653393
981,labatt,-0.010231656129030906
394,sfr,-0.01016020695111859
1359,impacto,-0.009856283816262038
651,roc,-0.009447644545967013
840,qualisoy,-0.009087459480058575
473,castro,-0.008897326743386513
1381,rutherford,-0.008872670189836541
1119,norman,-0.008841937858512812
828,bono,-0.008816310335101593
54,blair,-0.008757689229189028
1317,hefty,-0.008480977018154142
367,buckeye,-0.0079353128047569
1385,secugen,-0.007893264622690141
727,airborne,-0.007871568680537542
584,deluxe,-0.007785087744947709
798,weider,-0.007724058134700718
1416,lanco,-0.007657982041984791
1455,alitalia,-0.007451132815638313
1392,telguard,-0.007447321309406714
410,xfinity,-0.007208191062851827
17,garneau,-0.006752294084284825
857,belfonte,-0.006618852536407958
550,simulmedia,-0.006311990651089705
455,videojet,-0.00620071125283111
312,amr,-0.006182161410092837
370,claro,-0.006149700679020391
360,airtel,-0.005862577429489438
1153,macpac,-0.005781875837112975
161,lalo,-0.005722435326723951
1444,flagship,-0.005539380608800937
82,izod,-0.0050376190370692905
156,brooks,-0.004667985705778935
1059,benihana,-0.004662571711639371
532,moo,-0.004639883972331357
876,schoeps,-0.004468416910253931
1067,fuddruckers,-0.004451881259933602
1201,imusa,-0.0039305460282945265
2,alpinestars,-0.0037170830227395146
966,bofferding,-0.0029402974191378925
979,icehouse,-0.002814274537680311
932,mcdonalds,-0.002765645152470242
496,tigre,-0.0027105950041659277
609,ires,-0.002650444481349268
461,domaintools,-0.002547557849181002
962,tru,-0.0021732840127743416
1390,taser,-0.0021582091368082847
415,cbn,-0.0021190707665713383
438,alienware,-0.0017266902555666402
119,blundstone,-0.0017160107054151764
1093,acme,-0.0016728126212569808
143,novus,-0.0016485604218497707
862,enlightened,-0.0016285101010602952
791,soylent,-0.0016085365950104288
121,chaco,-0.0015488714550934701
576,whitewalls,-0.00149393328085963
1396,vicon,-0.001436950427669499
918,partners,-0.001275477710772556
316,instinet,-0.0010449372607949786
281,nextgen,-0.0007968735581819208
1163,polaris,-0.0006847581482587427
251,direxion,-0.0006268305718914111
654,spectro,-0.0002873286840108097
832,corto,-0.0002672638986029128
162,mephisto,-0.00014455486810016627
1114,lews,-7.870766232511046e-05
310,citigroup,0.00018456610698389803
582,avery,0.00036971460424602143
1261,aquis,0.0004875183274304397
740,eas,0.0005410724231509345
1005,amberbock,0.0006672585692356278
928,gavina,0.0008207859575845239
222,mastercard,0.0008267596765141304
1116,mirrolures,0.0009348325130852583
155,bata,0.0012304001760422185
1046,stk,0.0012586285484260315
300,envion,0.001259277086582633
699,aleve,0.0012697122696300987
1151,giro,0.0013221583238411244
1105,fishsticks,0.0013291639594780885
1354,globe,0.0014200843469350044
117,bernardo,0.0015075460704647471
219,hbl,0.0015884082742295483
779,performix,0.0019415834406441186
256,guggenheim,0.0019746665674820335
245,alps,0.0019948143545716543
468,westhost,0.002056020750226522
1360,interlogix,0.0020794867751025205
1234,englander,0.0022206167125193507
1172,xbox,0.0022896737099647683
915,kraft,0.002369617327554578
483,harry,0.002372526953088044
819,swerve,0.0026637390293288467
313,calvert,0.0033247193123168116
696,harrys,0.0034406132811871312
618,tmc,0.003450784515956075
353,lca,0.0036766904278767165
714,epic,0.0036997480743265546
1343,bullard,0.0038573496387512866
263,marsico,0.003991421649653817
678,springfield,0.004082355031191679
345,associates,0.004090220607041624
1328,fabuloso,0.004285832538165325
1326,salvo,0.004498609096361555
1362,keyper,0.0046916134601593645
729,align,0.004916680421236372
1386,sensormatic,0.005184481516278733
810,musclepharm,0.005527938164259484
246,ameritrade,0.005543903832960495
679,bu,0.005564600367970456
304,nma,0.005991599670662054
154,altra,0.0061311862688940705
1447,oceanic,0.0061759629858380224
575,teknion,0.006293604305904813
1057,piatti,0.006437855485563232
785,pritikin,0.006475843991370859
1369,northstar,0.006614413234229333
803,dymatize,0.006696737447996776
223,santander,0.007001881600438308
1393,tncs,0.007143406060642912
296,cfra,0.0071939758588714375
543,printup,0.007208312127154195
254,fidelity,0.007389961534423714
583,camcode,0.007546259673656677
922,vea,0.00791243146326881
1182,abound,0.008284280194671142
1403,rki,0.00855881308681454
773,muscletech,0.008694871056888983
125,crocs,0.009032656621381988
675,latitude,0.009273535797640335
796,vht,0.009339396461691851
1223,agility,0.009355779542662257
525,jumpfly,0.009373268444391129
474,cbs,0.009382881855238306
547,screenvision,0.009534034865816807
751,frs,0.009541899599368037
890,sambazon,0.009557629331645858
539,outbrain,0.009831473279000816
351,intech,0.009917597402495596
987,sapporo,0.009961518067978929
1425,manac,0.0105179337932048
1308,energizer,0.010607085988713079
806,gnc,0.01063931545096658
1139,org,0.010759786901606401
1041,ricoh,0.010981801762068727
836,marconi,0.011095350877571922
308,usaa,0.011234499959855614
444,supermicro,0.01135799882963134
1451,silversea,0.011437867975776082
416,missio,0.011441308018000355
1089,tucanos,0.01153940862905332
36,roka,0.011583128814681036
319,sharespost,0.011588507374624912
134,impo,0.011609768815334109
441,hp,0.01161926245676481
407,vtel,0.011643089227366588
598,symbology,0.011719891345507494
1470,syracuse,0.011745856770446893
1335,honeywell,0.01179661583753424
1130,vexilar,0.01185080780811371
69,dockers,0.012389795312742136
846,barilla,0.01240618164911071
1098,bucks,0.012419907576114754
241,itau,0.012460648382328264
476,cnbc,0.012467580932190074
542,postnet,0.012506612635419667
860,deans,0.012520301634019307
515,ebrandz,0.012606647356536577
466,openx,0.012680526706901203
811,natureworks,0.012828246261240121
772,mri,0.012984078959932654
343,upstart,0.013390965842662444
75,globus,0.013404251101226103
341,payoff,0.013419095619966997
278,prudential,0.013489422158484804
1337,airgas,0.013751123314222818
686,rembrandt,0.013993072034108624
1174,microsoft,0.014138269882091131
781,phosphatidylserine,0.01425605462211781
931,mccafe,0.014347551384491258
1345,canary,0.014526354375927666
722,prosource,0.014561956106166802
1184,canidae,0.014684214129071109
1094,ardent,0.014758770512098791
64,cromwell,0.01484591981607828
821,vivion,0.015024092023652277
990,sol,0.015045875404567862
462,dynadot,0.01518567471308695
757,humann,0.015254296954154065
1327,clr,0.015280425386482579
20,huk,0.015365055979410316
152,testoni,0.01549121718972886
1025,flir,0.01551042634494407
429,netquote,0.015561294893648396
475,centurions,0.015690450230806098
33,quiksilver,0.015767269069372924
1084,salata,0.01602517673458441
520,getresponse,0.016061014708472734
923,wasa,0.016161675169333062
52,aftco,0.01618610948887326
561,dauphin,0.016284966127515864
1275,igloo,0.01638032003600153
1103,daiichi,0.016543036553921982
7,boathouse,0.016714731172286536
952,barcel,0.016757502898983728
1380,rockwool,0.016888138891609658
1397,vivint,0.016920316235639644
38,saucony,0.017019527135066378
1351,edwards,0.017109599834207033
220,jcb,0.017650459559272934
378,hughesnet,0.017784687735766032
364,bendbroadband,0.017815555288177503
391,powersearch,0.017917840327153114
1434,fahrenheit,0.017969185280626788
361,alcatel,0.01853252982722504
208,rocklands,0.01893897295064489
215,citi,0.01894011648816671
403,utopia,0.01899970076621297
1315,brawny,0.019052412265233205
78,haggar,0.01907468770379154
885,fritz,0.019090745716403804
693,braun,0.01912220443057789
266,oppenheimerfunds,0.019192004761680405
1458,umbria,0.019284143153028677
1439,atlantis,0.019325232307530103
835,goya,0.019535665337386737
279,collegechoice,0.01964717778655925
1185,freshpet,0.01965906774179311
264,morningstar,0.019771574309498854
453,oki,0.019782524381481204
243,aberdeen,0.019810011416977805
1177,slingo,0.020119491219865622
359,comcast,0.02012384122405409
1138,northwave,0.020171236312740887
1006,badger,0.02022678320672822
1313,tenergy,0.02044203056572472
1332,kidde,0.02049488092709427
766,kura,0.020733969867662967
585,diagraph,0.021042464118119865
229,speedway,0.02107027767021823
454,panasonic,0.02124756128373214
884,carvel,0.021502915823402732
214,barclaycard,0.021507772162410274
1288,surefit,0.021693562272885387
418,contacto,0.021809885619810357
1268,cleanbrands,0.022006940109394774
704,tylenol,0.022111546736319668
1178,furby,0.022186742018056572
1389,swann,0.022343062472064128
1295,ge,0.022349899210106734
721,powerbar,0.022455981885473583
49,voler,0.022527788910160898
1020,guinness,0.02254718367582679
855,soom,0.02278958083408887
768,mesomorph,0.02282078973055135
549,silkworm,0.02298659318617623
784,prinova,0.023010513367246622
556,wistia,0.02317399058848485
1113,kalins,0.023568180748519123
552,toluna,0.023621975527826352
1157,marmot,0.02367373191827945
83,kelto,0.023773614768143898
269,rochester,0.023774613374436912
581,shinola,0.02396366658627125
411,yahoo,0.024011076395797963
486,jumanji,0.02404745604175998
1336,adt,0.024114131244298002
430,pemco,0.024130264888394967
231,brinks,0.024149116581952654
999,mcmenamins,0.02425924111083231
1301,samsung,0.02478141254759413
799,hylands,0.024964749378270333
1368,msa,0.02505235369406347
99,tucker,0.02508695391979144
701,bc,0.025435914727865404
463,elastichosts,0.02561842343538602
1158,mbs,0.02566951511769168
762,jubi,0.025711277615052004
379,izzi,0.02574329327740677
1222,vietri,0.02582524626474371
184,hobo,0.02595767173078647
1411,berel,0.026125983346929334
42,speedo,0.02632924278461218
508,businessonline,0.026430375709743183
77,greenco,0.02647740218973799
834,fiore,0.026711367591531747
1355,hanwha,0.026874618155329304
298,conterra,0.0268840683407299
1150,fenwick,0.027152146503888207
397,starmedia,0.027218887296865217
1409,simplexgrinnell,0.027306223647883817
1125,redington,0.02737447169813117
1126,rio,0.027375634047997387
1391,telaid,0.027429193887229242
880,tandem,0.027694186670130884
68,dickies,0.027714653914647752
789,resveratrol,0.027765395556545943
1217,stanza,0.027929206869369286
563,fb,0.028051809283921134
867,kemps,0.02820100604896942
577,winsted,0.02829188837622755
435,zurich,0.028328549997787923
521,greenfield,0.02841172597168512
514,dotmailer,0.028541801959711642
972,bundaberg,0.028785109062749538
1154,mammut,0.028807879865739294
568,indiana,0.02880803260508498
460,cpanel,0.028872783004313094
553,vml,0.028977187043963362
1026,fujifilm,0.029046404199444674
1133,dakine,0.029076941457134645
57,callaway,0.029086868273509245
954,lesserevil,0.029327665316289928
1371,panduit,0.029402637746163477
1417,osel,0.029722956187452163
197,tumi,0.0298521564718824
1031,aquatica,0.029977513684523165
903,milano,0.029995401247710423
1438,argosy,0.03032484577587069
144,olukai,0.030357559662228438
404,verizon,0.030393453387050032
1024,arri,0.030434344890232258
557,aip,0.030452318404926487
804,elysium,0.030498682941282194
21,isadore,0.030527919412488357
433,travelers,0.03061773979010522
19,giordana,0.030755356606109497
1099,cabelas,0.030938737376211653
829,bunge,0.031181954260305338
1149,duotone,0.031190314719628593
775,neocell,0.031193570925399275
533,movio,0.03120689918337076
1256,tanda,0.03123206428518683
680,puig,0.031239389400822215
1433,duralast,0.03139594096450079
488,logo,0.03151691843274279
1047,wildfire,0.03152378238525702
322,bankrate,0.03172047307994997
41,simpson,0.03183419765301029
665,blu,0.031951398898763014
946,mars,0.03196688604612523
1441,caribbean,0.03204539590654957
719,olly,0.032376588214032054
1121,okuma,0.0324258807072242
574,steelcase,0.03243997633862733
600,woodchuck,0.0324990547993448
1264,bergers,0.032556219590666555
1180,ubisoft,0.03269680123569962
53,barbour,0.032857803453666165
788,regimen,0.03291062949970968
812,nutrex,0.03366197769306871
365,boingo,0.03391642845671275
493,rtve,0.033946170574954526
882,yasso,0.03401655378993219
778,performax,0.03420577115019443
401,telmex,0.03424041864919912
1404,schlage,0.03435743010887411
841,spanish,0.03451772441260793
91,odyssey,0.03456989106423704
661,faces,0.03470705068297737
1068,hakkasan,0.03487562154761373
713,clif,0.034909772002749605
1018,elysian,0.03531735648350527
227,visa,0.035368261799260725
1418,valspar,0.03546790755162338
213,zeal,0.03559931480780595
1014,keystone,0.03590533150262355
926,boyer,0.03591886293303057
1070,hoots,0.03605396092042907
631,dermacare,0.03605608911655975
9,calia,0.036171407066669534
691,barbasol,0.03623833002795988
593,omni,0.03629864899530809
968,bridgeport,0.036405839170305404
792,squeezed,0.036429670280159594
400,telcel,0.036796184464772064
225,sunoco,0.036888992067134634
320,vested,0.03689759571243406
388,optimum,0.03691868669613532
973,busch,0.03714877900631032
555,wishabi,0.037395876123008466
380,mediacom,0.03743129884415346
1131,apex,0.037431525758177105
348,equifax,0.03744859905314115
111,ara,0.03745924667346904
1282,pinzon,0.037471189468354024
1054,pepes,0.03751072104523851
866,julies,0.03767576736070115
572,ofs,0.037763613914150236
445,inkjet,0.03848859009727357
698,advil,0.03897796599186392
1452,tauck,0.03923625315104184
594,providence,0.03930435942927754
956,planters,0.03945817116254457
619,usajobs,0.03951295357305799
291,tradepmr,0.03970313335637636
758,ico,0.039760064517551416
448,primera,0.039913219304838085
1120,northland,0.040145717511176
354,mgic,0.04030215949969895
763,juven,0.0403124172449959
730,amway,0.040321021622497705
327,homeloans,0.04033284005175421
571,meadows,0.04113681262967893
734,clarisoy,0.04129594605242755
372,earthlink,0.041336675503198285
676,polo,0.04166803568842441
597,sony,0.04218177271832552
500,pbs,0.0423242681366132
1346,dahua,0.04263880987597722
787,reaal,0.042648770625004495
1400,omnia,0.042674128320727416
967,boricua,0.04283892242584338
1145,afp,0.04288851317680396
427,hanover,0.04293549166863643
919,ritz,0.04308518825119845
1066,frickers,0.04313217519108064
392,rcn,0.043148845918831266
992,sunup,0.0431830437110111
395,shentel,0.04320089469489624
402,tpg,0.04320918055518165
1235,enso,0.04322695787828305
1141,poc,0.04329964786782456
451,juki,0.04332828931425244
708,beta,0.04343252769868311
478,dilbert,0.04360880299651704
1080,pappas,0.04362255276812942
969,brooklyn,0.04362489712415647
239,fuelman,0.04371460602906008
1376,pmi,0.04388616023126116
566,halcon,0.04392613600427805
706,excedrin,0.04402913906701525
112,arche,0.044033067486186274
425,aopa,0.04405758704240391
1056,andiamo,0.04408994707152783
1469,ruger,0.04409807374375778
30,mondor,0.044232115468431046
1323,sunrise,0.04426358999991043
671,venezia,0.044564148682713606
1214,precisioncraft,0.04462227980289731
579,papyrus,0.04482103188120802
368,cellcom,0.04482449800657878
1029,lumenera,0.044838179660974226
947,mentos,0.04485058099568045
1165,rei,0.04485490973687951
1129,ukko,0.04488528131666112
1253,sealy,0.04492944657907534
1289,surya,0.04537890273515786
1383,sdc,0.04538237456160642
93,patagonia,0.04553921504500059
1127,shakespeare,0.04567470683771497
114,bally,0.045703930524721624
724,zing,0.04574103869647968
1334,bilco,0.04578549583251927
240,lindbergh,0.04581374876189643
1140,pl,0.045990349796146274
261,kpmg,0.04607889346495038
1377,qmi,0.04618767724537142
428,minico,0.046895754384238486
399,suddenlink,0.047147684676023885
329,lenda,0.04715578992947832
257,highmark,0.04723133610778606
268,proshares,0.04727074879924256
1032,nikon,0.047566622556137174
408,windstream,0.04797843677556868
750,florastor,0.04826475474524035
347,elevate,0.04836023957922911
913,dux,0.04838808727466243
450,hitachi,0.04839574890214931
1366,lutron,0.04840680122145766
1096,blakemore,0.04842161290357082
385,nextstep,0.04848263664619833
924,arden,0.04856628745114644
975,chang,0.04878895195005587
248,blackrock,0.048851153213618145
608,imagemakers,0.048905216680072666
839,mezzetta,0.04892947740254998
59,carters,0.04906291207666844
808,iwi,0.04925623158248975
1239,kingsdown,0.04938614216574604
518,fastsigns,0.04944182164323345
640,gojo,0.049509692233374855
8,bogner,0.04953369215360022
484,jeffersons,0.04961641619795061
1415,ideapaint,0.049654386515370644
503,admonsters,0.04965590476985471
1378,rapiscan,0.049690830913487
963,altstadt,0.049731926229175175
519,freeman,0.050197494170887556
1023,speakeasy,0.05030843121628027
1399,firefly,0.050413583327761066
639,garnier,0.05050224219975189
1007,celis,0.05056719076466841
1432,winnebago,0.050613196787290114
1446,oceania,0.05069372039702628
601,careerbuilder,0.05079240427527328
802,ctd,0.05085025200901347
490,mynetworktv,0.05093290906473349
936,nespresso,0.0510310239236088
48,varsity,0.05116907410798329
303,hawthorn,0.05125522954489052
1225,america,0.051383125931515276
871,mayfield,0.0515739734748861
873,premia,0.05193461802372136
1035,sealife,0.0520723119561467
148,soda,0.05210538777292271
616,teamhealth,0.05246153443588802
960,shearers,0.052485633597134214
1388,simplisafe,0.05254053894309045
1333,ansul,0.05262684524731097
565,gunlocke,0.0530423515498719
983,michelob,0.05307261548476904
358,citifinancial,0.05344836808704566
1101,cortland,0.053499628215308084
34,rapha,0.05354410343951432
1071,houlihans,0.05357495280731109
1055,rubios,0.053780885221098806
590,lockhart,0.05393854899942138
1454,windstar,0.054077050012454796
436,acer,0.0542637890473409
541,pims,0.054496985003863616
892,venice,0.054680491474493026
497,tmz,0.05489003816363291
352,kasasa,0.05492436981664618
406,vivo,0.055221000820344576
657,vaseline,0.055245663058924525
1216,sango,0.055326836682679154
977,corona,0.05554578219011195
941,coronado,0.055637350414172726
1190,purina,0.055694461742187285
759,ignite,0.055730943592390954
529,mediamath,0.055846504027998164
1357,hive,0.056113574418951304
1426,maurer,0.05617486754514094
363,arvig,0.05627319035963182
599,tempe,0.05659511972737838
901,loacker,0.05663386916600868
1167,simmons,0.056660818395505116
1187,husse,0.056940680911990824
605,efinancialcareers,0.05697166244748843
1314,bounty,0.05746486173865599
1061,applebees,0.05748538072581455
875,ruggles,0.057520029107836344
1280,panacea,0.05759217951616552
485,jeopardy,0.05773384396425212
1287,springs,0.057749717632337105
424,amica,0.05790803711290475
434,trubridge,0.05791665105857984
6,billabong,0.05793434648919994
1258,verlo,0.057977106146267096
737,cosequin,0.05808336770266917
620,usps,0.058148927903687954
1348,detex,0.058382802600810524
1431,tiffin,0.058413063824227285
1013,hensley,0.058464257846301854
1364,lifeshield,0.0585139845888498
457,xerox,0.05856045758803382
743,enzymedica,0.058622434513761826
1461,legoland,0.05864633497233448
189,mango,0.05865467844462181
1373,pdt,0.05866736748618172
538,optimalprint,0.05867712518264559
285,marketaxess,0.058789256132740254
1034,princeton,0.05918336147456177
1363,kwikset,0.059314489315902934
628,chamonix,0.05936830295093056
1065,dennys,0.05937728171595964
760,immunocal,0.05937977479849675
1003,smirnoff,0.05944116214479703
1244,lull,0.059446003039650655
548,shareasale,0.059453697549176746
569,kimball,0.059479350414711835
853,skippy,0.05966622773062982
1221,vandor,0.05968033677808665
896,emperador,0.05988373887318401
507,blurb,0.059997875711068425
421,oica,0.06037256647981114
1106,flambeau,0.060842867948267244
1122,penn,0.0610178352531204
170,vasque,0.06117958767473823
546,rethink,0.061197889886493106
1460,disneyland,0.0612137974875198
472,blindspot,0.0612287000159296
115,balmain,0.0617582650256516
44,stio,0.061958797974617556
1435,optima,0.06205701904748452
925,keurig,0.062145323367307076
1465,gamestop,0.062243460260835715
1269,coolmax,0.06229863393348569
1118,mystic,0.062427073525647775
1215,riedel,0.0624900947846174
1340,aperio,0.06292652567847917
374,firefox,0.062963195185336
567,haworth,0.0629937820548892
224,scotiabank,0.06309234877140958
1166,sears,0.06310249151243344
1051,pappadeaux,0.063475449987304
1306,apc,0.06350510517918612
648,obagi,0.06365546554636002
845,kelloggs,0.06371437719741144
244,alliancebernstein,0.0637516977588863
321,apgfcu,0.06383812662852391
948,scripture,0.063854894251861
1448,riverview,0.0639366643910125
1092,caribou,0.06427592557366714
80,hincapie,0.06451959838378954
124,cougar,0.06456800267471864
398,starry,0.06459391037522158
664,bijan,0.06460326529141631
325,fhlbanks,0.06483730888965639
927,folgers,0.06495620885100269
120,boden,0.06526285035434631
1179,nintendo,0.06527181963868628
886,lindys,0.06534125923480334
717,larabar,0.06546988958497443
62,columbia,0.06552887958177335
957,pringles,0.06562557476372019
274,vontobel,0.06568562608422653
610,jobsohio,0.06579798195060113
67,delta,0.06596699632495129
1231,duxiana,0.06597917425474563
989,shiner,0.06613740141530225
136,keds,0.06620670706116469
145,privo,0.06621569783924051
1203,libbey,0.06623625835747711
643,johnsons,0.06638816195396934
782,precharge,0.06647318547419834
1202,lenox,0.06655629427149637
526,linx,0.06672728923093683
869,lactaid,0.06675871927698085
725,advantedge,0.06698490980381736
745,epiq,0.067178146558751
996,wachusett,0.06727009814256876
1344,california,0.06736430226130671
1276,jomar,0.06750224292970575
16,flagpole,0.06821075079146768
1,alias,0.06821677186614095
1274,encapsys,0.06833923847669154
815,turmeric,0.06863171448398273
1330,sos,0.0688492184080858
1049,mayflower,0.06902755795288534
997,widmer,0.06952513586711379
672,osswald,0.06965797607261531
1218,steuben,0.07011506894814352
586,envypak,0.07022070897269417
5,athleta,0.07024261478077024
1173,capcom,0.07027216689383595
1040,koerner,0.07032316773247912
1450,searcher,0.07033862767839577
1286,splashpad,0.07048777060423492
752,fuze,0.07059542747889128
252,edvest,0.0706282960559295
852,nutella,0.07070184140296729
872,montage,0.07087604510390935
1407,bullex,0.0713116409890606
1186,halo,0.07195663742133229
1159,moser,0.07197070428096164
1279,northwest,0.0720012668000525
540,pardot,0.07200174363890954
1100,castaway,0.07220830193789106
168,sperry,0.07236046132249178
711,vicks,0.07250911658883114
216,citibank,0.07271869829299653
109,amalfi,0.07283558707282224
1083,roys,0.0730611566803642
1395,trinity,0.07320939964977397
217,disney,0.07344339281871647
10,converse,0.07348064079544203
809,moringa,0.07363448294694817
1045,sizzler,0.07368036919483802
940,cogo,0.07376529987972408
1402,ripple,0.07384176106116215
15,fila,0.07384332275997835
423,aacsb,0.07394129404784078
663,australis,0.07415822166926574
510,cues,0.07416892467864027
479,doctors,0.07431836964939113
797,vitamix,0.07432398113924643
420,humankind,0.07461088883025166
837,mazola,0.07478840966597791
1299,maytag,0.0750813688305225
1155,manduka,0.07515070967281917
1456,espresso,0.07518326943882675
337,commonbond,0.07547660132332432
166,rockport,0.07549695569216282
1188,koha,0.07562590907170069
1156,manitou,0.07570327446638371
58,carhartt,0.07577427457848787
1102,cuda,0.07590659740534633
937,colombe,0.07595907086214602
55,bonobos,0.07604657491820048
1144,spalding,0.07607455973763348
467,singlehop,0.07637483967693413
492,ncis,0.07641379744971152
1135,elan,0.07643618937824329
1077,metro,0.07645460508709809
592,neenah,0.0765151675073332
282,scholarshare,0.07665475322182268
506,bazaarvoice,0.07706932400281938
522,gumgum,0.0771537986737427
831,colavita,0.07776851231031298
1183,addiction,0.07779286656183931
393,serverpronto,0.07801865022997401
158,ellesse,0.07808337610160185
709,pfizer,0.07816867398419303
738,crs,0.07825680801765973
495,telemundo,0.07826090533304975
502,wtvf,0.07843988252265273
1016,raven,0.0787817671917683
187,loewe,0.07912221706637584
309,westex,0.0791231775720802
1210,oneida,0.07928970812868032
426,esl,0.07950475316948243
794,usana,0.07968367130004766
280,massmutual,0.0797917199962563
165,nfinity,0.07989399983112441
1088,tippins,0.08005958489629666
92,pandora,0.08020183491314864
1074,kahunaville,0.08055990594189759
236,univision,0.08069569655036195
929,jameson,0.08096982933656316
1259,voila,0.08141125951013059
417,cityteam,0.0814415789594557
863,holanda,0.08159419082858602
670,uomo,0.08192595820174756
76,gq,0.0819831871358038
736,collagen,0.08207545463997196
459,convio,0.08217004036785552
284,upromise,0.08221884654014842
980,indio,0.08229582653296871
1291,talalay,0.08245415090262498
1195,conserve,0.08249171638381755
1091,biggby,0.08261813557500515
182,frye,0.082673866034074
105,zanella,0.08273301129694098
1036,vivitar,0.08282598731046645
277,metlife,0.08288430240335509
602,careercenter,0.08308798846873626
570,knoll,0.0832382342736032
1263,bassetti,0.08331533686311694
1309,interstate,0.08333387446930204
726,advocare,0.0834555785683101
1028,hovercam,0.083483867689724
1251,reverie,0.08348519891566751
233,metabank,0.08364513520078298
603,careers,0.08378260666758855
689,remington,0.08382290597683358
805,flyte,0.08407086062063585
1341,arlo,0.08442817860601491
1297,kenmore,0.08457800531537991
827,bertolli,0.08458514846444301
800,berocca,0.08459277603143775
945,butterfinger,0.08466928391739939
938,nescafe,0.08476969674500598
523,iuniverse,0.08500456404059034
204,krewe,0.08502455196656196
81,hollister,0.08523485704629769
955,medora,0.08523721220646538
70,dolfin,0.08528058700718016
305,raiffeisenbank,0.08572539512234653
205,luxottica,0.0860972066789702
1030,olympus,0.08622489548248735
149,sorel,0.08627952136187174
933,sheetz,0.0862900650094329
293,xm,0.08642022794808443
174,brahmin,0.08660341088405796
764,keto,0.08667026331531101
754,goodbelly,0.08685746762751
733,carnivora,0.08687330993618941
369,centurylink,0.08701938541480729
1349,drager,0.08740433602431398
524,jkr,0.08759321745099857
409,wow,0.0879171189051056
1197,fiesta,0.08798559666898834
163,merrell,0.08828386963220675
90,nautica,0.08829464727682226
1033,polaroid,0.08830772880516258
1303,unimac,0.08841258029626332
253,evergreen,0.08845217988425645
1320,cascades,0.08873231295347146
311,groundfloor,0.08883230721780269
1237,hastens,0.0890163335739163
825,ariston,0.0890361440843398
85,lacoste,0.0890848903528916
595,sato,0.08925178903941744
899,keebler,0.08939434462834299
100,valentino,0.08948160723013186
988,schlafly,0.08952884717478146
1293,welspun,0.08969706434990338
376,gvtc,0.08989599313680337
649,palmers,0.09018429516257452
22,kjus,0.09038889151610674
237,svm,0.09041180971971834
774,natrol,0.0906783781274559
881,tillamook,0.0907069254589308
3,asics,0.09073031687539117
1338,alula,0.09090202881983737
449,epson,0.09098437030984256
342,sofi,0.09102089160954638
1281,parachute,0.09138742566059946
861,dove,0.09139716257396874
697,schick,0.09149041319235222
1128,sunline,0.09153033456046078
877,sdsu,0.09160034759115773
458,virb,0.09171305231836652
1123,plano,0.0917886117363672
1079,norms,0.09197955193021405
1296,huebsch,0.09248234162947859
1209,noritake,0.09255392526499137
1358,holmatro,0.09300495818059482
1410,behr,0.09357906226872323
63,covers,0.09386671414149778
180,etro,0.09390709805247659
270,symm,0.09397197285126509
843,whirl,0.09398080284704757
813,pines,0.09398848324233348
688,polident,0.0940697789108559
1002,mickeys,0.09424564867928248
888,popsicle,0.09442787996818572
198,cartier,0.0944660225391719
682,colgate,0.09455974939795592
307,transunion,0.09469467366692942
677,prive,0.09501438789293515
346,citimortgage,0.0951379260128552
1300,milnor,0.09530092024873824
419,diveheart,0.0953043015940983
1022,pabst,0.09534183374828223
481,fremantlemedia,0.0954193766040695
102,versace,0.09542371875814279
687,sensodyne,0.09569666755902889
710,robitussin,0.09621407560637948
530,mindshare,0.09634706987069389
1109,gerber,0.09714466142447362
326,hecm,0.09716218016787889
1211,oxo,0.09718918717348664
1430,stoughton,0.09723555428849409
692,bevel,0.09760215351865731
878,sola,0.09780334352155945
864,hudsonville,0.09786324902916903
826,bellucci,0.09794226384788426
1009,estrella,0.09830976439717817
1262,avanti,0.09834653353503842
45,sugoi,0.09901324983201674
431,pendo,0.09950754785474408
447,eos,0.09960844365115745
1423,hillsboro,0.09969227782986309
705,motrin,0.09976327744038328
1304,whirlpool,0.09976828803086751
470,abc,0.09979220705585656
1181,plushies,0.10041281499740527
1073,islands,0.10054365442269786
1255,talley,0.1005902922960476
587,frankfort,0.1006093819162306
226,unionpay,0.10077879430926667
930,marley,0.10099779461872897
1243,luft,0.10103928944427737
151,superfeet,0.10104706721942561
1236,essentia,0.10125638161638902
685,pola,0.10147832989201402
323,cibc,0.10181663418013512
509,cpr,0.10191992294530719
235,paypal,0.10215455987185428
1427,newmar,0.10216162578516842
735,cocoavia,0.10220367407941225
1350,dsx,0.10222840596431843
795,usp,0.10224502329679402
218,ebay,0.10263473447664012
816,vega,0.10263929227937724
299,dmm,0.10265704952421989
1044,perrys,0.10281943484240974
123,clarks,0.10314502771434023
1449,seabourn,0.10330985918754074
513,dixie,0.10344547166043365
908,voortman,0.10359304912009483
1224,aireloom,0.10404388850048196
596,seton,0.10417686303417871
702,biofreeze,0.10460307331439073
1414,glidden,0.10465622909506211
1248,nectar,0.10476883139338614
211,voca,0.1048823750920681
1322,plainwell,0.10497373562438483
1137,nordica,0.10543413451703203
172,bandolier,0.10553064284561042
965,bells,0.10596095551001314
673,whitewater,0.1060966310651201
690,unilever,0.1062174650102845
1260,acteon,0.1065176549755393
89,munsingwear,0.10839128778511253
934,starbucks,0.10853574840040926
1086,souplantation,0.10886015883881156
638,farmacy,0.10914403181241923
1254,serta,0.10926685156322608
1021,hoboken,0.10976837941778413
1136,glade,0.10979151355205281
258,horizons,0.11064351738149047
271,transamerica,0.11074203717989461
1069,hooters,0.11113706611393284
74,garanimals,0.11130208641522094
716,glucerna,0.11195008079779217
130,gucci,0.11208315804920449
494,tampico,0.1123424426220329
242,aarp,0.11238854047561621
1457,travelworld,0.11276698516871199
1062,bennigans,0.11283161193259139
662,glossier,0.11359226849779094
1008,dutchess,0.11384091525654022
71,duer,0.11395326020473888
893,dole,0.11413926581556202
66,customink,0.1142510240452657
1273,downtown,0.11425275820236011
838,mclaughlin,0.11484475719526406
544,quantcast,0.1149728379176019
944,ovaltine,0.11532953133503816
1249,ortho,0.11546135641014726
1227,beautyrest,0.11560061891723442
1232,eclipse,0.1159010221048479
985,rainier,0.11607603389246893
1072,ihop,0.11648250347283884
1321,fiora,0.11673652236010199
201,ess,0.11685937049177217
606,elance,0.1170397313608317
777,percepta,0.11707487303721408
951,babybel,0.1172412811192487
422,naacp,0.11793563061332696
859,coolhaus,0.11824373270850619
783,prevagen,0.11847035095768008
318,keybank,0.1188045796694221
283,tiaa,0.11900939777512656
1462,priv,0.11958344296696506
1038,basler,0.12020222068674355
747,essentials,0.12032604305035076
1316,chinet,0.12133784280409722
1242,lucid,0.12185980117121036
1245,luxi,0.12258690973576106
133,hermes,0.12273481019693779
564,fellowes,0.12292030625376107
1250,restonic,0.12302264996332832
1212,pfaltzgraff,0.12309110923421339
674,colors,0.12318106515212789
914,goldfish,0.1232712297968564
626,cerave,0.12379489117520193
1226,bassett,0.12395561336070056
905,nabisco,0.1248515079725194
718,luna,0.12522521911699086
1206,mottahedeh,0.12564327842581063
684,orajel,0.125717437483407
1294,electrolux,0.12595760972117193
858,breyers,0.12613750421974923
153,tods,0.12646129106386692
1238,hyphen,0.1264623853878719
854,smuckers,0.12691692904615162
531,mindspace,0.12694279587726023
823,xylitol,0.1273774550343169
1204,mikasa,0.12800394940782223
635,elemis,0.12852221360965582
949,skittles,0.12865297029433853
1058,portillos,0.12902255920215547
135,jambu,0.12909245334066047
1192,artland,0.12930430783631852
65,cubavera,0.1293085798048477
756,hims,0.1293294127852146
118,birkenstock,0.1293426264560054
1095,berkley,0.12960242897527843
646,neostrata,0.12987117471344933
849,jif,0.12994789637011978
970,bruz,0.13006832775928912
383,netizen,0.13033344898704816
1200,herend,0.13035348656950807
28,mika,0.13138412392865034
60,chaps,0.13152054633663057
573,smead,0.1318065895092484
642,jergens,0.1318673184134703
1213,portmeirion,0.1319082358453514
907,sandies,0.13242328707195494
116,bearpaw,0.13306038069334344
188,longchamp,0.13306132574256463
232,lsc,0.1331976377728063
746,esi,0.1336417400151623
491,nbc,0.13401174766865145
1207,nachtmann,0.13438864141647683
79,hanes,0.13533150319035944
1208,nambe,0.13577094450486377
666,boucheron,0.1357807398603897
818,sweetleaf,0.13583834804235603
1010,hamms,0.13613826052410796
132,havaianas,0.1364554761052495
334,unison,0.13681431102997887
894,biscoff,0.13731590258528137
147,skechers,0.1378249471667306
1060,lins,0.1378676300281032
950,snickers,0.13786889780482003
920,stauffers,0.13907057564410386
1347,daymark,0.13913420879609767
700,anacin,0.13978450043274915
1463,spa,0.13994198496806776
889,ritas,0.14073293842816612
935,buendia,0.1409146595424082
357,titlemax,0.14157242918981564
1198,gaia,0.14264034448930196
650,ponds,0.14300132759986695
910,carrs,0.14328102876339993
624,biore,0.14422353849974096
1075,landrys,0.1446208891466782
879,talenti,0.14480765949033664
883,abbotts,0.14501395115484628
512,dinova,0.14539793604211076
615,showbiz,0.14541348394730363
958,publix,0.14576049455048534
95,prada,0.14582632062611567
1053,abuelos,0.14599889734615298
742,enu,0.14708472768105452
113,balenciaga,0.14735592722232038
1406,whistler,0.14736361265994904
851,maranatha,0.14774233605975656
627,cetaphil,0.14877150161555697
850,justins,0.14971211211782656
1196,corelle,0.14998365550144105
1401,rexing,0.15005843799165466
1436,aida,0.15010314756519214
891,starburst,0.1505994762815766
653,skinceuticals,0.15070490781982648
723,thinkthin,0.15070872606559216
741,enfagrow,0.1514400826017594
644,mederma,0.15166433579728983
181,fendi,0.15185152761483212
128,fitflop,0.15195887626305482
221,macerich,0.152189246343514
1284,revman,0.15298924053544818
1017,schells,0.15325835011762573
179,couture,0.15420984850220965
817,splenda,0.15424540957930055
683,crest,0.1543762683722073
739,culturelle,0.1559653735430023
1111,jiffy,0.15622428141054073
904,milka,0.15662003175218736
921,triscuit,0.15700905926685782
108,alegria,0.15735091091058823
1271,croscill,0.1581855616132132
1004,sparks,0.1587669450571786
558,arcadia,0.15885467454737306
820,truvia,0.15893356607599185
1246,magniflex,0.1592470989761695
1339,angee,0.1592637370563288
900,kisses,0.16108540043315706
1318,kleenex,0.16117608341949158
707,benadryl,0.16139187571171126
1290,tablecloth,0.16202032047649245
1043,mastros,0.16235111781114273
909,annies,0.1633944528687974
339,mefa,0.1639502233252713
865,jenis,0.16495155385241633
228,walmart,0.16507606193587904
656,tula,0.1655345069897779
1442,cunard,0.16581905452450035
807,isagenix,0.1661544705226003
617,teksystems,0.16681178153071177
1205,miyako,0.1674895788540215
1085,sharis,0.16758892999578828
192,moschino,0.1676632871256622
1115,maxima,0.16851348180596715
943,hersheys,0.16897122068485743
942,ghirardelli,0.16923276702818324
141,naturalizer,0.16931843179477568
171,akris,0.16965843087582677
911,crix,0.1697363354143338
194,samara,0.17094373628327153
456,xante,0.17206813543798177
1466,mahoneys,0.17207733036013512
50,vuori,0.1725289905012966
625,caudalie,0.17274925248648199
622,aveda,0.17333538702158552
175,burberry,0.17366694263346352
856,sunbutter,0.17492973306585552
755,hellolife,0.1750691798105388
906,oreo,0.17629732090504424
186,lanvin,0.17682418673163897
732,biolife,0.17709387727182554
1325,palmolive,0.1784882034927131
480,elementary,0.18011570957571482
658,weleda,0.18042983428017229
1270,coyuchi,0.18200057793042307
623,aveeno,0.1820605324012106
995,victoria,0.18289915080812916
655,sulwhasoo,0.18308670191393858
13,dkny,0.1833441207479682
477,dateline,0.18412111547452176
482,goldbergs,0.18480544101628843
912,crunchmaster,0.1849895481683777
844,cheerios,0.18735150607140025
1191,wellness,0.1892224943104896
183,givenchy,0.18945544601875414
94,poplin,0.19086976915130793
126,dansko,0.19090533470076126
190,maxmara,0.19384364151327294
324,elend,0.1946517584832421
127,dior,0.1953113497879132
276,athene,0.19600793242305897
1087,stuckeys,0.1965055487976275
1146,bushnell,0.19821330111103058
26,lululemon,0.20137848847833784
1272,cuddledown,0.20343103864090895
645,naturopathica,0.20429735380344846
822,wholesome,0.20565664445901474
1437,aquafest,0.20819487345159493
1265,boppy,0.2111225473048961
874,reeses,0.21151688958779574
681,sexy,0.21491855212635042
1076,mels,0.21511658204582157
1124,rainshadow,0.21586086013238442
621,ahava,0.21683495921592627
748,estroven,0.2181511346761466
647,neutrogena,0.21892223156441915
668,mugler,0.21982035960292584
939,abuelita,0.2225775255052971
641,goop,0.22373457508179473
578,hallmark,0.22423737741679894
630,clinique,0.22547837643261806
1189,nutrish,0.2260909572263884
637,eucerin,0.22654720322489674
1443,electra,0.22709363362845147
629,clarins,0.23128249272650503
898,grandmas,0.23235519621067718
1453,twilight,0.2327646912129439
776,pediasure,0.23501982925101678
1361,iris,0.24110266561582647
659,dermablend,0.24199647109755887
173,botkier,0.2444390501646913
632,dermalogica,0.24690356304364436
986,redds,0.25287986290595066
1283,posh,0.255569734977896
902,marinela,0.2591829689927674
652,shiseido,0.25927965865829206
98,supermodels,0.2630550835592438
1267,christy,0.2636800906437333
129,fuchsia,0.2675550208578059
703,goodys,0.26842470085504283
770,mila,0.26856928946765923
167,ryka,0.2709854760948335
101,venus,0.2723706676816472
37,roxy,0.28679897102226704
178,chanel,0.2912928375598315
667,boutique,0.2917267249526716
212,vogue,0.30120179235342015
1266,buffy,0.3082756197559998
110,andrea,0.3140827208559159
185,jemma,0.3169198658120125
196,tiffany,0.3198851517668253
1241,leesa,0.3324859472212374
489,mom,0.33331973402853965
633,dickinsons,0.3372539373664018
176,celine,0.3493852302931861
142,nina,0.3612118078816373
122,chloe,0.3886427133574454
140,melissa,0.3952181469825965
200,elle,0.4080388006490365
