,brand,residual_alignment,alignment
669,sensu,-0.26874345137499167,-0.04370540622518154
177,cenzo,-0.23841271651557666,-0.06805799691484085
191,mcm,-0.22687090845689944,-0.033682990016228334
193,roth,-0.21828689655993938,-0.061556332482157236
35,reebok,-0.19809646522801946,-0.11815865388877156
195,spartina,-0.1956548671763583,-0.02313907330295553
1193,baccarat,-0.18663301366968782,-0.049536481992074215
146,rampage,-0.18416667181051716,-0.12010300097415677
333,everbank,-0.18075434596630677,-0.17473946698548148
670,uomo,-0.17933284351788847,0.08192595820174756
1268,cleanbrands,-0.17778713177220917,0.022006940109394774
1199,gibson,-0.17769317228174752,-0.04610600065001519
1288,surefit,-0.17411824819650398,0.021693562272885387
31,nike,-0.17139815869441677,-0.0997718321995113
1285,sferra,-0.16992034126116912,-0.014808439790826088
172,bandolier,-0.16896583665264087,0.10553064284561042
1261,aquis,-0.16844785718144245,0.0004875183274304397
197,tumi,-0.1656276565286173,0.0298521564718824
1219,stuart,-0.1646413636750434,-0.033562563724258004
138,lucchese,-0.15961960350569615,-0.09649913386804046
184,hobo,-0.15921567152549698,0.02595767173078647
671,venezia,-0.1590573556126863,0.044564148682713606
0,adidas,-0.1584984293570883,-0.07610346289998511
665,blu,-0.15750071417277864,0.031951398898763014
1277,liddell,-0.15731215185051564,-0.03540257746562631
465,nexcess,-0.15397576109875352,-0.07038243626680186
679,bu,-0.15285338761394757,0.005564600367970456
1064,brothers,-0.15236612487181472,-0.1424514455054443
1220,valletta,-0.1522980308464277,-0.04858279173274646
189,mango,-0.1502842715741865,0.05865467844462181
150,sporto,-0.1480831911631279,-0.04791380908349614
840,qualisoy,-0.14673606809487938,-0.009087459480058575
1187,husse,-0.145245555096361,0.056940680911990824
663,australis,-0.145067361391067,0.07415822166926574
381,megapath,-0.14494244789417962,-0.028618761236566002
916,lance,-0.14200370807440418,-0.05992565733982666
680,puig,-0.14121491798272517,0.031239389400822215
664,bijan,-0.14116937716320216,0.06460326529141631
1292,vianney,-0.14109020199266892,-0.032248249223415903
1286,splashpad,-0.14078058641464192,0.07048777060423492
1278,malouf,-0.13990727036029962,-0.010875089637002079
672,osswald,-0.13985803057115748,0.06965797607261531
180,etro,-0.13977904602723745,0.09390709805247659
1324,axion,-0.13967351529496166,-0.06135021666697911
917,mariner,-0.13839812681007935,-0.06962588116228571
1194,bugatti,-0.13817960935976725,-0.016534669969015404
1201,imusa,-0.13546745037978644,-0.0039305460282945265
528,marco,-0.13520098803021985,-0.09729727431436859
715,gatorade,-0.1350070932186745,-0.062170923883205206
1185,freshpet,-0.13478650773841128,0.01965906774179311
1274,encapsys,-0.1344076128566256,0.06833923847669154
40,shimano,-0.13435105699918926,-0.09709143981024171
1222,vietri,-0.13407886101591823,0.02582524626474371
1284,revman,-0.13364623575226753,0.15298924053544818
131,gurus,-0.13289010538837345,-0.06708293363376698
182,frye,-0.1321596852735147,0.082673866034074
382,mweb,-0.13034252108852384,-0.019936753601771898
505,awin,-0.1299777327069323,-0.105701572061948
728,alen,-0.12986356061356427,-0.07357992787343126
1206,mottahedeh,-0.12748641891860454,0.12564327842581063
1184,canidae,-0.12650627976332807,0.014684214129071109
107,aldo,-0.12571663491032053,-0.043137910465919485
761,instone,-0.12473370184773669,-0.054767227757917675
1207,nachtmann,-0.12464490996828004,0.13438864141647683
562,excalibur,-0.12444829234668658,-0.06918861583558314
613,saic,-0.12438912108692798,-0.08029476601019842
1143,smith,-0.12367449828422299,-0.06950902762332198
790,scitec,-0.12319218785179059,-0.06713586969660656
551,synacor,-0.12175132317476979,-0.07340269909067937
1464,microgame,-0.12097939351185819,-0.0749472850460729
534,multiview,-0.12097551797274517,-0.08108804226864344
25,leatt,-0.12080227504668514,-0.07657451903434527
377,htc,-0.12032985328846157,-0.050306153509265136
604,dav,-0.12024983742203575,-0.08516738789854808
833,enzo,-0.11904813115034087,-0.021628641088505485
814,san,-0.11880433647433729,-0.06585505112872223
824,alessi,-0.11870322824017866,-0.016496144433977837
18,gill,-0.11830577192937436,-0.09499989384993753
134,impo,-0.11822196706691758,0.011609768815334109
27,mavic,-0.11654278080804428,-0.0792930937219664
499,wwe,-0.11594304830191775,-0.0911888561151609
803,dymatize,-0.11528508758148942,0.006696737447996776
1275,igloo,-0.11511968694015015,0.01638032003600153
1424,jayco,-0.1146753721195164,-0.1088147405799182
830,catania,-0.11461000104431907,-0.023326192085722095
446,canon,-0.1144810770113974,-0.029446917892537037
773,muscletech,-0.11406449040653799,0.008694871056888983
749,evogen,-0.11401332281926502,-0.03872313288719637
469,zoom,-0.11367466050091854,-0.07081665190609682
870,magnum,-0.11302736226412997,-0.08155593185149995
511,designa,-0.11277745723039603,-0.05418882221203149
61,chubbies,-0.11250076640809678,-0.07142346255779312
847,skinner,-0.1123693409868911,-0.07057688668777551
144,olukai,-0.11232648320606987,0.030357559662228438
832,corto,-0.11149262948216365,-0.0002672638986029128
678,springfield,-0.1112195092444114,0.004082355031191679
535,netseer,-0.11111185219128455,-0.03763984706530874
187,loewe,-0.1108344621489509,0.07912221706637584
1217,stanza,-0.11066423040535664,0.027929206869369286
780,phillips,-0.11045646859254118,-0.0438212374659324
32,puma,-0.11024664137112158,-0.04246150488105236
159,greats,-0.109799923432093,-0.1564899573385945
589,jbm,-0.1094183778915871,-0.09941712691305356
636,ely,-0.10937287361081119,-0.019757736863766404
1462,priv,-0.1092376951912792,0.11958344296696506
1214,precisioncraft,-0.10920483269398845,0.04462227980289731
119,blundstone,-0.10918299432411338,-0.0017160107054151764
349,esp,-0.1090367053185381,-0.1130207183957247
1142,slick,-0.10890585908618541,-0.05180597489190665
842,tunisian,-0.10864634625952987,-0.014877317875044219
1264,bergers,-0.10836413510853588,0.032556219590666555
895,davids,-0.1082291776100833,-0.01681266345334491
97,sandro,-0.10815817019821311,-0.07448778315132853
801,biocell,-0.107741914436942,-0.027537348973843512
384,netx,-0.10758347275213379,-0.016619775818676435
387,octopus,-0.10719362817687664,-0.05970048457683382
731,ascent,-0.10699941666973972,-0.04302043341518071
720,paleo,-0.10664535389936614,-0.04283104320799267
440,cybernet,-0.10630293237764638,-0.058718647190544315
666,boucheron,-0.10573914388059576,0.1357807398603897
554,watchfire,-0.10505863940401097,-0.06529871301091321
786,probiogen,-0.10489933512278382,-0.023275760072985895
104,wrangler,-0.10483187520145137,-0.05862871443374173
152,testoni,-0.10481644647292819,0.01549121718972886
781,phosphatidylserine,-0.10449981909057496,0.01425605462211781
455,videojet,-0.1041386818966141,-0.00620071125283111
137,latigo,-0.10392549936732293,-0.027416298338994637
39,scott,-0.10387515180901834,-0.07447701326235595
1269,coolmax,-0.10348770447665573,0.06229863393348569
660,elf,-0.10347107213987979,-0.017420303521889655
675,latitude,-0.10293468374962159,0.009273535797640335
915,kraft,-0.10276210181235686,0.002369617327554578
812,nutrex,-0.10270873453678335,0.03366197769306871
828,bono,-0.10268219151280282,-0.008816310335101593
560,brewer,-0.10229538181575623,-0.03674183663599141
712,atkins,-0.10192408805448341,-0.013814192389540365
1326,salvo,-0.10190397508358619,0.004498609096361555
366,bos,-0.10156389275333381,-0.04518068618679957
371,directv,-0.10107992751202789,-0.02990879598361014
1063,boneheads,-0.10089476220591326,-0.06388651333868559
607,experis,-0.10089326181875666,-0.019906219160982442
396,slingshot,-0.10043991322722268,-0.03438944732183331
1134,donek,-0.09997476093131986,-0.010825863082620672
1215,riedel,-0.09972886934751116,0.0624900947846174
791,soylent,-0.09963604518364642,-0.0016085365950104288
1282,pinzon,-0.09954043074656319,0.037471189468354024
1192,artland,-0.09935367347483477,0.12930430783631852
559,bdi,-0.09919610093361625,-0.046815536919375164
29,mobius,-0.09888639604347169,-0.07086436007107272
389,otelco,-0.09886022035399891,-0.0373315156942429
487,laff,-0.09782965532333578,-0.07234672597311781
836,marconi,-0.09766841433979362,0.011095350877571922
771,mojo,-0.09744908913355671,-0.026460372006241576
765,kion,-0.09660025835810897,-0.03711373283813581
386,nitco,-0.09651583648016615,-0.022562524727384507
139,mara,-0.09634876688677568,-0.014517081542863117
1228,bestar,-0.09631297495581323,-0.06909800743662596
1289,surya,-0.09592894826270906,0.04537890273515786
634,duduk,-0.09575367747691277,-0.019211226488649615
51,zoot,-0.0956077136465645,-0.05279859313740326
1271,croscill,-0.09516243812746156,0.1581855616132132
654,spectro,-0.0950324846987088,-0.0002873286840108097
772,mri,-0.09486425381350838,0.012984078959932654
504,admore,-0.09482510051579993,-0.03781109011166757
901,loacker,-0.09471368175441706,0.05663386916600868
86,lee,-0.09465823485901503,-0.057191430829844465
24,laird,-0.09433024911798735,-0.059612818603290055
452,leibinger,-0.09394643840998634,-0.011102325110754012
1291,talalay,-0.09357377169392939,0.08245415090262498
174,brahmin,-0.09343245110723503,0.08660341088405796
267,pimco,-0.0928617210722455,-0.09043983729165087
775,neocell,-0.09266828815614556,0.031193570925399275
1270,coyuchi,-0.09231355444894121,0.18200057793042307
375,firstlight,-0.09211048668997154,-0.013295341100555245
516,emerse,-0.09184617890581595,-0.030027414746984088
734,clarisoy,-0.09167028405238534,0.04129594605242755
688,polident,-0.09110087019365073,0.0940697789108559
762,jubi,-0.09107338038001964,0.025711277615052004
373,epix,-0.09102864396801506,-0.04029449229335437
405,viasat,-0.09082978923205312,-0.04039887597568469
537,nielsen,-0.09067304935705317,-0.04347630061716433
798,weider,-0.09031311115438498,-0.007724058134700718
1216,sango,-0.09020402619845769,0.055326836682679154
1200,herend,-0.08994336870489704,0.13035348656950807
897,gamesa,-0.08986453691211338,-0.02121067336688478
686,rembrandt,-0.08969435972384478,0.013993072034108624
918,partners,-0.08933522709065618,-0.001275477710772556
43,spidi,-0.08899166992540491,-0.01639380037551308
1311,ryobi,-0.08878455813768654,-0.07552298339069531
407,vtel,-0.08876156188572357,0.011643089227366588
768,mesomorph,-0.08874407757659858,0.02282078973055135
260,invesco,-0.08871194513622237,-0.08847369691779124
676,polo,-0.08829927828440048,0.04166803568842441
1280,panacea,-0.08820442680770303,0.05759217951616552
1203,libbey,-0.0881645622675391,0.06623625835747711
362,armstrong,-0.08783885980488748,-0.02264901597158528
760,immunocal,-0.08778329435746025,0.05937977479849675
769,mhp,-0.08753410933906745,-0.024548277909362398
297,commsec,-0.08743625890417711,-0.08550789693708864
1202,lenox,-0.08732751576596157,0.06655629427149637
811,natureworks,-0.08723412522758711,0.012828246261240121
1279,northwest,-0.08675887908852616,0.0720012668000525
4,assos,-0.08669778727905124,-0.026799941826791945
763,juven,-0.086627121847531,0.0403124172449959
1263,bassetti,-0.08622601435987702,0.08331533686311694
96,rapala,-0.08621923306843432,-0.05237339735392038
1287,springs,-0.08618718410981424,0.057749717632337105
1422,featherlite,-0.08599045023403198,-0.0781710189010129
787,reaal,-0.08557086792488404,0.042648770625004495
835,goya,-0.08556424625378459,0.019535665337386737
461,domaintools,-0.08555024516149151,-0.002547557849181002
1365,liftmaster,-0.08538428410130763,-0.12638196194371906
12,dainese,-0.08534475101810478,-0.04171139488690344
385,nextstep,-0.08530606504146966,0.04848263664619833
1182,abound,-0.08518789316528663,0.008284280194671142
1398,cobra,-0.08505302818350634,-0.10740265058831713
1218,steuben,-0.08468994871153956,0.07011506894814352
1302,steele,-0.08445720291019046,-0.034379587726427435
464,jaguarpc,-0.08444728555868593,-0.02060230518242816
631,dermacare,-0.08440312822796538,0.03605608911655975
171,akris,-0.08435224508193558,0.16965843087582677
1342,bosch,-0.08426631366153904,-0.1059515654238335
11,cortech,-0.0842222358322931,-0.03144948391773989
1467,mauisails,-0.08415063575716439,-0.08312243114503748
545,radiumone,-0.0838994142727955,-0.020408260657581598
1209,noritake,-0.08388076057765602,0.09255392526499137
753,ghr,-0.08379952245460714,-0.010849374677733961
117,bernardo,-0.0836658025563154,0.0015075460704647471
611,marten,-0.08353836262797694,-0.03530740603397915
1319,reynolds,-0.08348301052935556,-0.012187372987044691
121,chaco,-0.08314529597716469,-0.0015488714550934701
390,plateau,-0.08293697058808845,-0.024596388970679124
1305,acdelco,-0.08261343608236899,-0.07228013542616307
841,spanish,-0.08240681259711258,0.03451772441260793
727,airborne,-0.08237688859313005,-0.007871568680537542
651,roc,-0.08205532307445891,-0.009447644545967013
84,kerusso,-0.08197074198572785,-0.031195204968190338
793,staunch,-0.08178243838576796,-0.013910051553178718
103,vince,-0.081658215332823,-0.046985349501220644
779,performix,-0.08142672780736179,0.0019415834406441186
640,gojo,-0.0809409616604066,0.049509692233374855
922,vea,-0.0805340001997687,0.00791243146326881
317,jefferies,-0.08050594105309122,-0.08055890422192138
903,milano,-0.08023070333832391,0.029995401247710423
1459,vistajet,-0.08008828153287792,-0.09039774177705204
143,novus,-0.0800826609726597,-0.0016485604218497707
394,sfr,-0.07997732621558626,-0.01016020695111859
125,crocs,-0.07989751846196858,0.009032656621381988
106,zubaz,-0.07915798378368918,-0.013576418526581015
73,gabba,-0.07881682367761841,-0.04943567705790383
750,florastor,-0.07878317029939755,0.04826475474524035
722,prosource,-0.07875272295698442,0.014561956106166802
332,uif,-0.07867574833047353,-0.08026567270303243
517,emg,-0.07855492554715857,-0.034815873093522964
740,eas,-0.0783261019278473,0.0005410724231509345
1276,jomar,-0.0781994420102469,0.06750224292970575
498,unimas,-0.07759542266384209,-0.04445863835959354
1196,corelle,-0.07728338463629764,0.14998365550144105
784,prinova,-0.07713454098289461,0.023010513367246622
1132,burton,-0.07653077649862752,-0.013262040004898258
612,merlin,-0.07648905289711717,-0.019492011342750266
87,levis,-0.0762214394317393,-0.018794667028478422
1310,rayovac,-0.07615758430858381,-0.0574256699381484
550,simulmedia,-0.07603172352105203,-0.006311990651089705
834,fiore,-0.07589505154187595,0.026711367591531747
714,epic,-0.07585385955729389,0.0036997480743265546
614,schneider,-0.07573449962522269,-0.01897966751394663
744,epicor,-0.0757060632194792,-0.019947199139697412
1221,vandor,-0.07570096823871234,0.05968033677808665
896,emperador,-0.07566085421402838,0.05988373887318401
839,mezzetta,-0.07538855998263781,0.04892947740254998
576,whitewalls,-0.07486109847184982,-0.00149393328085963
443,msi,-0.07453224820233442,-0.02152078303620048
806,gnc,-0.07415621562800268,0.01063931545096658
46,thor,-0.0737843129753778,-0.037076475366341635
721,powerbar,-0.07371684301117905,0.022455981885473583
179,couture,-0.07347977989774666,0.15420984850220965
442,kangaroo,-0.07311135477385206,-0.0346332413792509
923,wasa,-0.07310220220902774,0.016161675169333062
439,amax,-0.07304992944260863,-0.03048185467827506
391,powersearch,-0.07299832130535273,0.017917840327153114
729,align,-0.07298672400259706,0.004916680421236372
767,limitless,-0.07289212658877203,-0.011658608900863766
249,bloomberg,-0.07287819905796458,-0.07670386875274257
1081,perkins,-0.07264006981885435,-0.03979529311959268
275,allianz,-0.0722780889364524,-0.07354809963596542
1052,redfish,-0.0720707455789767,-0.04698119024273863
782,precharge,-0.07190002112503728,0.06647318547419834
829,bunge,-0.07171434335006513,0.031181954260305338
1090,wingstreet,-0.0716785097449735,-0.03575938423166292
751,frs,-0.0716049460462884,0.009541899599368037
837,mazola,-0.07090330798415963,0.07478840966597791
701,bc,-0.07055849045946347,0.025435914727865404
527,maingate,-0.0705543900751658,-0.010836462011329696
894,biscoff,-0.07047948690494804,0.13731590258528137
725,advantedge,-0.07039796515084305,0.06698490980381736
173,botkier,-0.07012084503494925,0.2444390501646913
919,ritz,-0.06972917334347907,0.04308518825119845
1272,cuddledown,-0.0696757736740604,0.20343103864090895
413,eatel,-0.06956034926931302,-0.012862505355148754
1230,dreamland,-0.06943612250525148,-0.039100723249937214
556,wistia,-0.06926780494719775,0.02317399058848485
1262,avanti,-0.06918549207017238,0.09834653353503842
1307,duracell,-0.0690359359927857,-0.046998828528954886
1421,dutchmen,-0.06880115449264554,-0.0660531534599563
508,businessonline,-0.06868598514128192,0.026430375709743183
515,ebrandz,-0.0686763323216916,0.012606647356536577
1317,hefty,-0.06846498240251539,-0.008480977018154142
410,xfinity,-0.0680014982467357,-0.007208191062851827
946,mars,-0.0678133768888263,0.03196688604612523
737,cosequin,-0.06778351970789037,0.05808336770266917
370,claro,-0.06761767483383264,-0.006149700679020391
848,adams,-0.06711789539151926,-0.030680211810105915
1082,reubens,-0.06671675279374287,-0.038463826016676056
778,performax,-0.0665578719222458,0.03420577115019443
1210,oneida,-0.06644221203948512,0.07928970812868032
1312,saft,-0.06643104650328305,-0.05348858967701659
563,fb,-0.06635334175349109,0.028051809283921134
350,ifs,-0.06630654662486891,-0.07207118178573653
367,buckeye,-0.06617796741222466,-0.0079353128047569
47,vans,-0.06591794208571086,-0.012287213991986084
525,jumpfly,-0.06584987506661047,0.009373268444391129
694,cremo,-0.06580168137858329,-0.0270429311592347
796,vht,-0.06555206481402198,0.009339396461691851
1042,teledyne,-0.06510437581580494,-0.05855266361211986
363,arvig,-0.06507087037919293,0.05627319035963182
112,arche,-0.064468656103924,0.044033067486186274
575,teknion,-0.06438889590178162,0.006293604305904813
785,pritikin,-0.0642192396569107,0.006475843991370859
1197,fiesta,-0.06416055132282167,0.08798559666898834
1413,dap,-0.0638827442949047,-0.032837368984198145
717,larabar,-0.06378017069888689,0.06546988958497443
145,privo,-0.06374752538530001,0.06621569783924051
14,endura,-0.0635677503471087,-0.018936273155090957
56,caliber,-0.06348923116950905,-0.020817558450945715
190,maxmara,-0.06338573121361621,0.19384364151327294
207,revo,-0.06332900185523474,-0.055819688956622496
468,westhost,-0.06317013618061332,0.002056020750226522
757,humann,-0.06289007810846922,0.015254296954154065
924,arden,-0.0627704665175526,0.04856628745114644
799,hylands,-0.0626936687522893,0.024964749378270333
194,samara,-0.06265099804931472,0.17094373628327153
360,airtel,-0.06262639905772999,-0.005862577429489438
1247,marpac,-0.062390601478141926,-0.018259439589854754
699,aleve,-0.06225950685918102,0.0012697122696300987
1138,northwave,-0.0616192518406163,0.020171236312740887
181,fendi,-0.061603456097349026,0.15185152761483212
533,movio,-0.061571754634252344,0.03120689918337076
689,remington,-0.06154575394788518,0.08382290597683358
151,superfeet,-0.06148483780936864,0.10104706721942561
542,postnet,-0.061476231234427935,0.012506612635419667
932,mcdonalds,-0.06139897198333318,-0.002765645152470242
364,bendbroadband,-0.06096748603562195,0.017815555288177503
1048,bonefish,-0.06069989542571611,-0.02391698425081912
72,filson,-0.0606895146924256,-0.011480190971039386
1208,nambe,-0.060533762645571684,0.13577094450486377
928,gavina,-0.06018497378165207,0.0008207859575845239
335,aecom,-0.06001968685756439,-0.06010995347111484
1260,acteon,-0.05939733147554376,0.1065176549755393
1240,lectus,-0.05933386920305167,-0.016154034479269778
288,optionshouse,-0.05907607986504135,-0.05850936714343796
911,crix,-0.05861617540167416,0.1697363354143338
1229,casper,-0.05837878064388678,-0.025465351484849352
23,ktm,-0.05831326041014357,-0.013148066317860672
1190,purina,-0.05809589426942077,0.055694461742187285
111,ara,-0.05770575269885524,0.03745924667346904
1298,lg,-0.057418879841783003,-0.010376138001856081
539,outbrain,-0.05711953394332568,0.009831473279000816
565,gunlocke,-0.056864971098107245,0.0530423515498719
536,neustar,-0.056860905785592386,-0.01860670498457676
887,outshine,-0.056705101373285376,-0.014659477681092237
1440,blount,-0.056558961161839935,-0.030279614390270906
1290,tablecloth,-0.05651478856015621,0.16202032047649245
591,marel,-0.056040878590040505,-0.04076081080079675
661,faces,-0.055967566959554994,0.03470705068297737
1050,mos,-0.05592631554028714,-0.029768850556341365
453,oki,-0.05589560073588925,0.019782524381481204
340,panchos,-0.05583863801230417,-0.07989067426800465
331,rabobank,-0.055787729877386866,-0.053762587465566974
454,panasonic,-0.055720489043229904,0.02124756128373214
846,barilla,-0.055299589449726655,0.01240618164911071
908,voortman,-0.055249779525965104,0.10359304912009483
1211,oxo,-0.055161978847398,0.09718918717348664
1252,revived,-0.055118557739448376,-0.029535850795101726
157,ecco,-0.05509652167702915,-0.07832992321570467
1412,comex,-0.05480204368079956,-0.02917385349662676
609,ires,-0.05474783819498131,-0.002650444481349268
913,dux,-0.05436198977690633,0.04838808727466243
88,milwaukee,-0.05393406697101895,-0.013727340146094563
54,blair,-0.05389323206276471,-0.008757689229189028
412,cogeco,-0.05384414830541075,-0.021274873390989744
857,belfonte,-0.053775086354073784,-0.006618852536407958
1233,eight,-0.053706701333576745,-0.021209015347278242
1195,conserve,-0.05342070322443438,0.08249171638381755
912,crunchmaster,-0.05324659707668637,0.1849895481683777
580,navigator,-0.052853557924165274,-0.035948431983768216
463,elastichosts,-0.05256216643117127,0.02561842343538602
52,aftco,-0.05254911990131778,0.01618610948887326
690,unilever,-0.05239913788688239,0.1062174650102845
77,greenco,-0.052380707486244654,0.02647740218973799
626,cerave,-0.05232439395072337,0.12379489117520193
766,kura,-0.05197001984605852,0.020733969867662967
532,moo,-0.051957666227709906,-0.004639883972331357
1078,milestones,-0.05186668620630058,-0.01820514269278775
810,musclepharm,-0.051751669174173315,0.005527938164259484
49,voler,-0.05139568810313273,0.022527788910160898
437,advantech,-0.05117953889763754,-0.010360237910653393
1037,furbo,-0.05091926086445949,-0.06684860321558456
82,izod,-0.05073845209469856,-0.0050376190370692905
695,gillette,-0.050553684425800924,-0.017049564863152178
868,klondike,-0.05027696995796034,-0.010588913142096597
520,getresponse,-0.05018723904960274,0.016061014708472734
953,brims,-0.04989665275018853,-0.03741222679759962
403,utopia,-0.04973152139102655,0.01899970076621297
210,shadetree,-0.04931015275741861,-0.0656164310784978
618,tmc,-0.0491731767125,0.003450784515956075
713,clif,-0.04907864618448425,0.034909772002749605
302,goldmoney,-0.049059857171803604,-0.047173327436917385
1186,halo,-0.04882550699994867,0.07195663742133229
754,goodbelly,-0.048812600820251524,0.08685746762751
83,kelto,-0.048716420158281315,0.023773614768143898
1027,gopro,-0.04869269313069135,-0.029607233664597745
1445,merengue,-0.04843241138869665,-0.020839311709085102
947,mentos,-0.04834346011214666,0.04485058099568045
17,garneau,-0.047733880443918665,-0.006752294084284825
719,olly,-0.047647280089935976,0.032376588214032054
2,alpinestars,-0.04735986139020823,-0.0037170830227395146
608,imagemakers,-0.047356500534323526,0.048905216680072666
1089,tucanos,-0.047353494312460394,0.01153940862905332
561,dauphin,-0.047308637806348725,0.016284966127515864
1097,booyah,-0.04729623211891876,-0.12083310100255959
255,gotham,-0.04686642099195859,-0.05273551965832674
733,carnivora,-0.04672003164085611,0.08687330993618941
501,wgn,-0.046683527616577264,-0.018513226044682952
44,stio,-0.04655042722526647,0.061958797974617556
555,wishabi,-0.04636096990549028,0.037395876123008466
169,supra,-0.04614942888059421,-0.07334504713686099
743,enzymedica,-0.04596885414483476,0.058622434513761826
1281,parachute,-0.04578509057194579,0.09138742566059946
460,cpanel,-0.04570635996021661,0.028872783004313094
438,alienware,-0.04541569090497605,-0.0017266902555666402
788,regimen,-0.0454102860038242,0.03291062949970968
471,aflac,-0.04538280660110487,-0.023571291082659776
1273,downtown,-0.04503897463326238,0.11425275820236011
259,icon,-0.044956502970588674,-0.0517560510373277
1257,tulo,-0.0448799895929524,-0.019065262958927052
1188,koha,-0.04418617285863058,0.07562590907170069
301,forex,-0.044140433698406784,-0.042729563045253924
514,dotmailer,-0.04367695246569099,0.028541801959711642
588,fraser,-0.043576773626374056,-0.02303340542785889
1164,rawlings,-0.04347691512330579,-0.06689211892090083
397,starmedia,-0.0432187125104372,0.027218887296865217
114,bally,-0.04307667137220894,0.045703930524721624
1141,poc,-0.043054814335041325,0.04329964786782456
804,elysium,-0.04303451296450473,0.030498682941282194
120,boden,-0.04292114340918011,0.06526285035434631
1139,org,-0.04278188533585481,0.010759786901606401
758,ico,-0.04232631066386082,0.039760064517551416
203,kaenon,-0.04219074366363519,-0.02976751645185877
250,cboe,-0.04211556037066043,-0.04126298626552155
199,costa,-0.04208503927966568,-0.03938157094415021
756,hims,-0.04176840646369049,0.1293294127852146
338,credible,-0.041100317319440326,-0.04232704218446814
441,hp,-0.040825809095738796,0.01161926245676481
188,longchamp,-0.0406919880136174,0.13306132574256463
379,izzi,-0.04060631775319533,0.02574329327740677
1444,flagship,-0.04056245947341385,-0.005539380608800937
862,enlightened,-0.040343253560453936,-0.0016285101010602952
359,comcast,-0.04032762650793262,0.02012384122405409
1104,daiwa,-0.040252172697604095,-0.10653876598562537
724,zing,-0.04018662065666692,0.04574103869647968
209,serengeti,-0.040039267264636094,-0.031231396292850818
361,alcatel,-0.03983710410939145,0.01853252982722504
1067,fuddruckers,-0.03969409540883707,-0.004451881259933602
1405,toc,-0.03965978345050357,-0.06946701506050457
571,meadows,-0.03963976840847337,0.04113681262967893
704,tylenol,-0.039533756451900166,0.022111546736319668
356,sunbelt,-0.03950921056104752,-0.03995088318129843
639,garnier,-0.039377334204291584,0.05050224219975189
825,ariston,-0.03934774825633876,0.0890361440843398
306,stash,-0.03924540385593656,-0.04226495451798486
336,amone,-0.03912753999476276,-0.052857550640023426
959,richards,-0.03895634704708317,-0.02384644937349658
273,vanguard,-0.038938962761683044,-0.03997618343092689
1011,harpoon,-0.03888712651306294,-0.12425969235582944
20,huk,-0.0388580856376902,0.015365055979410316
687,sensodyne,-0.03849399870945981,0.09569666755902889
432,protected,-0.03847114706146286,-0.013276768297222477
99,tucker,-0.03830297420807994,0.02508695391979144
1356,hid,-0.03819830376369669,-0.05194464286660545
272,uscf,-0.03788521889952072,-0.03979696257202248
926,boyer,-0.03786627517179881,0.03591886293303057
1183,addiction,-0.03779477374921458,0.07779286656183931
473,castro,-0.03776347636578637,-0.008897326743386513
543,printup,-0.03772309919019737,0.007208312127154195
474,cbs,-0.03767101703106979,0.009382881855238306
698,advil,-0.03760038516118264,0.03897796599186392
1039,fluke,-0.03756992550623784,-0.022897375893462368
521,greenfield,-0.037457682052639864,0.02841172597168512
568,indiana,-0.03740907390284311,0.02880803260508498
192,moschino,-0.03729206785230307,0.1676632871256622
148,soda,-0.036911282760742556,0.05210538777292271
1416,lanco,-0.03673373549028858,-0.007657982041984791
1059,benihana,-0.03668681335546624,-0.004662571711639371
876,schoeps,-0.03660044395083055,-0.004468416910253931
789,resveratrol,-0.0365770991369358,0.027765395556545943
64,cromwell,-0.03628201330528362,0.01484591981607828
1057,piatti,-0.03619351055737584,0.006437855485563232
36,roka,-0.03605297594491103,0.011583128814681036
344,aig,-0.03603680348474685,-0.039383912159445034
202,gatorz,-0.03603042426406428,-0.024236339857219895
404,verizon,-0.03588251596722637,0.030393453387050032
885,fritz,-0.035519770600483246,0.019090745716403804
1315,brawny,-0.0349840010901572,0.019052412265233205
1428,norris,-0.03496590953140376,-0.03138568452747077
941,coronado,-0.03496517908986099,0.055637350414172726
577,winsted,-0.03493157875338743,0.02829188837622755
557,aip,-0.03489110635519885,0.030452318404926487
1411,berel,-0.0348548577823965,0.026125983346929334
931,mccafe,-0.03467755714712424,0.014347551384491258
855,soom,-0.03460225781998501,0.02278958083408887
730,amway,-0.03442237785559872,0.040321021622497705
1162,obrien,-0.034247165319244,-0.06307402651173502
1419,airstream,-0.034115941067453234,-0.024711428823013727
451,juki,-0.034014472640613566,0.04332828931425244
961,tostitos,-0.033741232333549726,-0.015605784711355625
124,cougar,-0.03372192558574849,0.06456800267471864
483,harry,-0.033682966789832625,0.002372526953088044
411,yahoo,-0.03356880943194129,0.024011076395797963
792,squeezed,-0.033546489622211115,0.036429670280159594
378,hughesnet,-0.03337735612849582,0.017784687735766032
684,orajel,-0.03326383731344664,0.125717437483407
797,vitamix,-0.033018204513759065,0.07432398113924643
78,haggar,-0.032690905502542875,0.01907468770379154
388,optimum,-0.03231986627124944,0.03691868669613532
619,usajobs,-0.03231819077481447,0.03951295357305799
759,ignite,-0.03213681189535164,0.055730943592390954
1131,apex,-0.03202498066583857,0.037431525758177105
234,netspend,-0.032007456313661406,-0.04030996308694426
706,excedrin,-0.03196732527928872,0.04402913906701525
566,halcon,-0.031731441134908944,0.04392613600427805
682,colgate,-0.03169090533334458,0.09455974939795592
519,freeman,-0.031348666359015676,0.050197494170887556
206,oakley,-0.03128831413939612,-0.015395979160889122
19,giordana,-0.031255280039119135,0.030755356606109497
1212,pfaltzgraff,-0.03095381687408225,0.12309110923421339
948,scripture,-0.030610524106323502,0.063854894251861
448,primera,-0.030605218064102813,0.039913219304838085
1293,welspun,-0.0305813077868375,0.08969706434990338
1429,novatech,-0.030450936195727016,-0.022404235662727645
800,berocca,-0.030405624530288985,0.08459277603143775
1198,gaia,-0.030268096080350172,0.14264034448930196
1175,telltale,-0.030218244340524985,-0.041244091703553656
75,globus,-0.030164291350154946,0.013404251101226103
547,screenvision,-0.030061318646451583,0.009534034865816807
696,harrys,-0.02979618908727477,0.0034406132811871312
1295,ge,-0.029727962850068762,0.022349899210106734
860,deans,-0.029580622836025156,0.012520301634019307
1066,frickers,-0.029339739090694802,0.04313217519108064
247,betashares,-0.029146379260044143,-0.04334465963797238
890,sambazon,-0.02912181760427402,0.009557629331645858
584,deluxe,-0.028900817907316197,-0.007785087744947709
643,johnsons,-0.028750979294135205,0.06638816195396934
1353,garrett,-0.028741903188973128,-0.053513004345920975
1417,osel,-0.02872142033002906,0.029722956187452163
1046,stk,-0.028661266527852433,0.0012586285484260315
69,dockers,-0.028607550257251917,0.012389795312742136
1234,englander,-0.028563673464462806,0.0022206167125193507
496,tigre,-0.028410829814054697,-0.0027105950041659277
1329,pinol,-0.028351255731541496,-0.029144985557189564
153,tods,-0.02830271747584713,0.12646129106386692
445,inkjet,-0.028152154703856805,0.03848859009727357
295,barings,-0.027897356066320673,-0.026549508638680025
838,mclaughlin,-0.027829900933813562,0.11484475719526406
33,quiksilver,-0.02753348724852481,0.015767269069372924
1054,pepes,-0.027398135455418283,0.03751072104523851
294,zulutrade,-0.027322052477355717,-0.024963685907956886
466,openx,-0.02722399114234577,0.012680526706901203
831,colavita,-0.027126763167600383,0.07776851231031298
1133,dakine,-0.027045021318528165,0.029076941457134645
745,epiq,-0.026912590802059225,0.067178146558751
7,boathouse,-0.026766008931748766,0.016714731172286536
238,exxonmobil,-0.026592051478522425,-0.05038462017514042
1301,samsung,-0.026530296191965286,0.02478141254759413
569,kimball,-0.026103717956158977,0.059479350414711835
230,prosper,-0.026092355345391817,-0.04348787612866649
549,silkworm,-0.025944103375589306,0.02298659318617623
827,bertolli,-0.025934439107445684,0.08458514846444301
57,callaway,-0.025879306155423984,0.029086868273509245
41,simpson,-0.025652942226686203,0.03183419765301029
1170,fanatec,-0.025403482011740634,-0.05102147466622968
450,hitachi,-0.025271726852371182,0.04839574890214931
1323,sunrise,-0.025164849088485357,0.04426358999991043
1204,mikasa,-0.025068057628998282,0.12800394940782223
726,advocare,-0.02503997905940506,0.0834555785683101
1148,coleman,-0.02486381772180281,-0.05504909699740968
572,ofs,-0.024860914170386734,0.037763613914150236
38,saucony,-0.024550172771607762,0.017019527135066378
582,avery,-0.024356017116160728,0.00036971460424602143
583,camcode,-0.023489566537349453,0.007546259673656677
9,calia,-0.023108203034348806,0.036171407066669534
462,dynadot,-0.023070064594511514,0.01518567471308695
1468,bikeradar,-0.02303711744888432,-0.010648870650307434
116,bearpaw,-0.022820676867771887,0.13306038069334344
1447,oceanic,-0.022801678664879,0.0061759629858380224
414,biblica,-0.022716382273840256,-0.024507030797444006
567,haworth,-0.022615774917942373,0.0629937820548892
1071,houlihans,-0.022607606821722477,0.05357495280731109
289,thinkorswim,-0.022527594737405687,-0.020283983379909575
444,supermicro,-0.02215882477322517,0.01135799882963134
553,vml,-0.02212726907308321,0.028977187043963362
315,halkbank,-0.022103338479183773,-0.020535185126597265
752,fuze,-0.022013929198778037,0.07059542747889128
262,liquidnet,-0.021977439879730505,-0.020732110656684864
175,burberry,-0.02197363439279422,0.17366694263346352
1084,salata,-0.021889895996721788,0.01602517673458441
518,fastsigns,-0.02149602841429001,0.04944182164323345
292,tradeweb,-0.021374232155089698,-0.020176051077680134
808,iwi,-0.021137564198040706,0.04925623158248975
1303,unimac,-0.02110741334709814,0.08841258029626332
160,kuru,-0.02109241016831389,-0.0439458201604464
21,isadore,-0.021089344160989062,0.030527919412488357
395,shentel,-0.021044076198422114,0.04320089469489624
429,netquote,-0.02085405379608527,0.015561294893648396
1223,agility,-0.02074619401462686,0.009355779542662257
1455,alitalia,-0.020659122233586714,-0.007451132815638313
884,carvel,-0.020332521905407065,0.021502915823402732
962,tru,-0.020258569343571224,-0.0021732840127743416
657,vaseline,-0.020116357423301368,0.055245663058924525
802,ctd,-0.02010150594129052,0.05085025200901347
541,pims,-0.020043466630126534,0.054496985003863616
1451,silversea,-0.01996313929065223,0.011437867975776082
503,admonsters,-0.01980283234838302,0.04965590476985471
1352,emed,-0.01979728777033347,-0.08789661102010406
355,moneycorp,-0.01978605972174682,-0.016775244339322568
1420,cm,-0.01971410481150182,-0.01233784381878297
585,diagraph,-0.019707213968797363,0.021042464118119865
330,maxwell,-0.019544305063502125,-0.019731477518720873
1189,nutrish,-0.019473135475156996,0.2260909572263884
552,toluna,-0.019216727509635028,0.023621975527826352
115,balmain,-0.019198405439529383,0.0617582650256516
380,mediacom,-0.018992523703781142,0.03743129884415346
476,cnbc,-0.018777062102023637,0.012467580932190074
742,enu,-0.018607215822092724,0.14708472768105452
1169,corsair,-0.018394647483545475,-0.034048585675459105
574,steelcase,-0.018077396981779285,0.03243997633862733
673,whitewater,-0.018056022525043937,0.1060966310651201
598,symbology,-0.017686498468393708,0.011719891345507494
365,boingo,-0.017601684561047038,0.03391642845671275
1171,kontrolfreek,-0.017439290156194165,-0.055675889553896726
819,swerve,-0.017280458909093112,0.0026637390293288467
457,xerox,-0.017228656751271186,0.05856045758803382
42,speedo,-0.017144372393949853,0.02632924278461218
1463,spa,-0.017097820342474153,0.13994198496806776
693,braun,-0.017051931218773998,0.01912220443057789
764,keto,-0.017035760905522505,0.08667026331531101
843,whirl,-0.0169666054659595,0.09398080284704757
91,odyssey,-0.016834137356495145,0.03456989106423704
880,tandem,-0.016500086892574067,0.027694186670130884
53,barbour,-0.016427174176775708,0.032857803453666165
886,lindys,-0.01627382752212346,0.06534125923480334
677,prive,-0.016064287687245285,0.09501438789293515
328,iberiabank,-0.01606006542588917,-0.012924745230121493
164,montrail,-0.01601822207126389,-0.031156527026821285
741,enfagrow,-0.015975588997291592,0.1514400826017594
899,keebler,-0.015880475498916344,0.08939434462834299
805,flyte,-0.0158126996919165,0.08407086062063585
290,trademonster,-0.015566215622870905,-0.014270548338033588
1055,rubios,-0.015560974725426984,0.053780885221098806
882,yasso,-0.015459720678171252,0.03401655378993219
1375,pilz,-0.015299844484384876,-0.02944572505238805
109,amalfi,-0.014608073950400056,0.07283558707282224
68,dickies,-0.014565697211104976,0.027714653914647752
401,telmex,-0.01456349659972319,0.03424041864919912
809,moringa,-0.01454323927758943,0.07363448294694817
644,mederma,-0.014497574828142531,0.15166433579728983
392,rcn,-0.014473314116979781,0.043148845918831266
628,chamonix,-0.014442728028382923,0.05936830295093056
475,centurions,-0.014429234477702876,0.015690450230806098
123,clarks,-0.013922801616635807,0.10314502771434023
402,tpg,-0.013881953696780504,0.04320918055518165
522,gumgum,-0.013859619970023412,0.0771537986737427
265,nationwide,-0.013819374842839616,-0.013152088794518929
601,careerbuilder,-0.013557603340047648,0.05079240427527328
538,optimalprint,-0.013530255182313072,0.05867712518264559
372,earthlink,-0.013480919562566179,0.041336675503198285
952,barcel,-0.01346518167820314,0.016757502898983728
512,dinova,-0.013419610278908,0.14539793604211076
286,nadex,-0.013083531231860951,-0.011147660224545164
681,sexy,-0.012781358401046553,0.21491855212635042
777,percepta,-0.012588992300660743,0.11707487303721408
702,biofreeze,-0.0123804898972482,0.10460307331439073
821,vivion,-0.012370824656100048,0.015024092023652277
1439,atlantis,-0.01229014013314261,0.019325232307530103
287,oanda,-0.012039082229213828,-0.010817157899418624
708,beta,-0.011827524954954583,0.04343252769868311
136,keds,-0.011423655780196496,0.06620670706116469
867,kemps,-0.011190983489036275,0.02820100604896942
920,stauffers,-0.011101502942298822,0.13907057564410386
314,carax,-0.010945226423193035,-0.011911419442567883
186,lanvin,-0.010922008345291428,0.17682418673163897
1041,ricoh,-0.010747092290243069,0.010981801762068727
816,vega,-0.010529243470747105,0.10263929227937724
400,telcel,-0.010509586043939062,0.036796184464772064
1384,sectra,-0.010225495512792393,-0.020190109802794398
581,shinola,-0.010196806894575229,0.02396366658627125
685,pola,-0.010189267881591413,0.10147832989201402
929,jameson,-0.010078328978613417,0.08096982933656316
548,shareasale,-0.009649834290914878,0.059453697549176746
76,gq,-0.009382583975323398,0.0819831871358038
1152,goalpost,-0.009355892387029264,-0.04742443927793394
954,lesserevil,-0.009143910887543887,0.029327665316289928
1379,rauckman,-0.008923589368526571,-0.03042587463253966
398,starry,-0.008682879688605531,0.06459391037522158
1372,paragon,-0.008648544129928288,-0.027156009809988835
1160,newell,-0.008564907594448588,-0.03546816880596407
1425,manac,-0.008396105004420663,0.0105179337932048
66,customink,-0.008332338301693599,0.1142510240452657
945,butterfinger,-0.007768801418016311,0.08466928391739939
8,bogner,-0.007763478474343215,0.04953369215360022
648,obagi,-0.007733350389891041,0.06365546554636002
691,barbasol,-0.007668223976423961,0.03623833002795988
312,amr,-0.0073617042418330034,-0.006182161410092837
406,vivo,-0.007345408711610588,0.055221000820344576
1025,flir,-0.007317249481964216,0.01551042634494407
399,suddenlink,-0.006941822083765679,0.047147684676023885
813,pines,-0.006845159328140581,0.09398848324233348
873,premia,-0.006636467094654042,0.05193461802372136
794,usana,-0.006444700449456612,0.07968367130004766
458,virb,-0.006177480447886904,0.09171305231836652
486,jumanji,-0.00605017110256699,0.02404745604175998
1080,pappas,-0.0060000672999867295,0.04362255276812942
649,palmers,-0.005947929800718774,0.09018429516257452
866,julies,-0.00578127923396449,0.03767576736070115
732,biolife,-0.005761279700226678,0.17709387727182554
1438,argosy,-0.00575880068858612,0.03032484577587069
1308,energizer,-0.0057379006378287245,0.010607085988713079
488,logo,-0.005715494825493182,0.03151691843274279
1313,tenergy,-0.005570680267064334,0.02044203056572472
1168,wincraft,-0.005376181709841239,-0.04572805604050639
1213,portmeirion,-0.005245417406326017,0.1319082358453514
149,sorel,-0.005080120869745214,0.08627952136187174
1415,ideapaint,-0.005037538687671025,0.049654386515370644
1256,tanda,-0.004770316857328944,0.03123206428518683
570,knoll,-0.004561772907531705,0.0832382342736032
1367,mcdermott,-0.004536800892770844,-0.028359202489810567
1314,bounty,-0.004493538008814191,0.05746486173865599
1441,caribbean,-0.004423950450279331,0.03204539590654957
368,cellcom,-0.004212274974179697,0.04482449800657878
48,varsity,-0.004190748607246223,0.05116907410798329
723,thinkthin,-0.004131578830188838,0.15070872606559216
646,neostrata,-0.0041204364690131876,0.12987117471344933
1470,syracuse,-0.004050946481338592,0.011745856770446893
1068,hakkasan,-0.003940306231355158,0.03487562154761373
135,jambu,-0.003877100859062517,0.12909245334066047
70,dolfin,-0.0035835988603514224,0.08528058700718016
716,glucerna,-0.0034834222158865776,0.11195008079779217
1231,duxiana,-0.003384995834535883,0.06597917425474563
1140,pl,-0.0033703495556705147,0.045990349796146274
1394,triconex,-0.0030284122756214713,-0.015206336042787677
1047,wildfire,-0.0028496655364910993,0.03152378238525702
281,nextgen,-0.0026673401194436813,-0.0007968735581819208
937,colombe,-0.0025443688862540753,0.07595907086214602
1161,niterider,-0.0024445805148072056,-0.03660092866925961
316,instinet,-0.0023978885408700162,-0.0010449372607949786
826,bellucci,-0.002346538104909422,0.09794226384788426
59,carters,-0.0022949933478072287,0.04906291207666844
430,pemco,-0.0022168580212317407,0.024130264888394967
435,zurich,-0.002167969106694513,0.028328549997787923
251,direxion,-0.0021285534302860967,-0.0006268305718914111
300,envion,-0.002102371370414491,0.001259277086582633
30,mondor,-0.002089991732192698,0.044232115468431046
1382,salto,-0.0020854444358657104,-0.017370534280555783
1328,fabuloso,-0.001840779322648825,0.004285832538165325
310,citigroup,-0.0015117151567290085,0.00018456610698389803
93,patagonia,-0.0015083287476878229,0.04553921504500059
1370,onity,-0.0014216437868628945,-0.01595915996869522
183,givenchy,-0.0009261001217581053,0.18945544601875414
415,cbn,-0.0008185342565573683,-0.0021190707665713383
1408,fireking,-0.000670356438191938,-0.03408218977972564
668,mugler,-0.0006235923571524908,0.21982035960292584
940,cogo,-0.0005625435822765477,0.07376529987972408
1070,hoots,-0.00040822759791830573,0.03605396092042907
1024,arri,-0.0004046145075562689,0.030434344890232258
936,nespresso,-0.0003334471592730051,0.0510310239236088
875,ruggles,-0.0003041570457374132,0.057520029107836344
353,lca,-0.0002715455560445418,0.0036766904278767165
208,rocklands,-0.0001782241669010809,0.01893897295064489
1147,carlisle,4.291935215942899e-07,-0.02165227221397617
256,guggenheim,9.631722105447882e-05,0.0019746665674820335
638,farmacy,0.00013402825582625733,0.10914403181241923
245,alps,0.00021774578755397178,0.0019948143545716543
783,prevagen,0.0003062327879053764,0.11847035095768008
1331,consilium,0.0003747745452595125,-0.017132069610387726
408,windstream,0.00039475594969484024,0.04797843677556868
1387,senstar,0.0004550971726325903,-0.02838112352259954
1235,enso,0.000510174630415576,0.04322695787828305
1458,umbria,0.0006974193383741008,0.019284143153028677
345,associates,0.0007131350676864161,0.004090220607041624
1418,valspar,0.0007997612674907895,0.03546790755162338
313,calvert,0.0008341047541103094,0.0033247193123168116
795,usp,0.0008569082902661757,0.10224502329679402
1374,philips,0.000983014090719117,-0.014835549055972737
674,colors,0.001076103492088535,0.12318106515212789
1176,thrustmaster,0.001314879702019392,-0.014823119979008967
472,blindspot,0.001674977347752793,0.0612287000159296
718,luna,0.001848273871944025,0.12522521911699086
263,marsico,0.0019994374785100226,0.003991421649653817
1225,america,0.0022623723392119384,0.051383125931515276
739,culturelle,0.002268281843358654,0.1559653735430023
456,xante,0.002897519344399073,0.17206813543798177
433,travelers,0.0030211543300189946,0.03061773979010522
655,sulwhasoo,0.0031641615843933206,0.18308670191393858
436,acer,0.0032347969519808464,0.0542637890473409
620,usps,0.0032737888554399477,0.058148927903687954
304,nma,0.0034922430756382586,0.005991599670662054
845,kelloggs,0.0035432037884314243,0.06371437719741144
1031,aquatica,0.003786525859562762,0.029977513684523165
1385,secugen,0.004194496575063602,-0.007893264622690141
246,ameritrade,0.0043666280496957,0.005543903832960495
1112,johnson,0.0044094278362404125,-0.1216495590362144
1056,andiamo,0.004613198386589308,0.04408994707152783
683,crest,0.004882335997568883,0.1543762683722073
1026,fujifilm,0.004963324257028097,0.029046404199444674
296,cfra,0.0051088944281085374,0.0071939758588714375
1359,impacto,0.0052925462396893296,-0.009856283816262038
254,fidelity,0.005497285469319962,0.007389961534423714
1265,boppy,0.005574464823628729,0.2111225473048961
34,rapha,0.005616927324973556,0.05354410343951432
493,rtve,0.005808714351181434,0.033946170574954526
871,mayfield,0.006068757845500292,0.0515739734748861
351,intech,0.006089841281816676,0.009917597402495596
1465,gamestop,0.00622333030443048,0.062243460260835715
526,linx,0.006237366899586913,0.06672728923093683
600,woodchuck,0.006423462432260496,0.0324990547993448
1381,rutherford,0.006690291251790847,-0.008872670189836541
1117,mustad,0.006729929660637832,-0.09940628492552853
161,lalo,0.00673851165459401,-0.005722435326723951
1065,dennys,0.0069969525125857,0.05937728171595964
1258,verlo,0.0071151330119934636,0.057977106146267096
62,columbia,0.007258968629508164,0.06552887958177335
427,hanover,0.007280510164158035,0.04293549166863643
1253,sealy,0.007595276211951076,0.04492944657907534
1390,taser,0.007765976847199303,-0.0021582091368082847
593,omni,0.0077668543354383335,0.03629864899530809
700,anacin,0.008073526927520171,0.13978450043274915
645,naturopathica,0.008178253613362989,0.20429735380344846
892,venice,0.008363203800907281,0.054680491474493026
1392,telguard,0.008514965380579557,-0.007447321309406714
343,upstart,0.008596676716894534,0.013390965842662444
319,sharespost,0.008816851888265847,0.011588507374624912
540,pardot,0.009047103673776327,0.07200174363890954
67,delta,0.009102914102950974,0.06596699632495129
374,firefox,0.00919302074477548,0.062963195185336
1051,pappadeaux,0.009277972499763481,0.063475449987304
1144,spalding,0.009426489663531197,0.07607455973763348
341,payoff,0.009621823441547408,0.013419095619966997
308,usaa,0.009652867426571142,0.011234499959855614
869,lactaid,0.009729245555067125,0.06675871927698085
213,zeal,0.010153141365608052,0.03559931480780595
546,rethink,0.01024838952754276,0.061197889886493106
1396,vicon,0.010385938212631299,-0.001436950427669499
616,teamhealth,0.010387937223033328,0.05246153443588802
16,flagpole,0.010418584301168508,0.06821075079146768
409,wow,0.010502468573763035,0.0879171189051056
162,mephisto,0.010600291748535454,-0.00014455486810016627
736,collagen,0.010601222892707821,0.08207545463997196
156,brooks,0.01073676320779705,-0.004667985705778935
500,pbs,0.01088367725077848,0.0423242681366132
416,missio,0.010922260778908123,0.011441308018000355
278,prudential,0.011033403699202405,0.013489422158484804
1035,sealife,0.01142705912627271,0.0520723119561467
910,carrs,0.011513485437500434,0.14328102876339993
1327,clr,0.011619431174666909,0.015280425386482579
863,holanda,0.011634750490802162,0.08159419082858602
219,hbl,0.0117028966143689,0.0015884082742295483
815,turmeric,0.011752780472712714,0.06863171448398273
1306,apc,0.011812575899765473,0.06350510517918612
594,providence,0.011899922782222513,0.03930435942927754
605,efinancialcareers,0.012405663490567535,0.05697166244748843
1028,hovercam,0.012472632306575495,0.083483867689724
155,bata,0.012667100400523776,0.0012304001760422185
434,trubridge,0.012696009360712275,0.05791665105857984
426,esl,0.01279626879687475,0.07950475316948243
1151,giro,0.012861779343058197,0.0013221583238411244
133,hermes,0.01301426216328838,0.12273481019693779
222,mastercard,0.013191200257789837,0.0008267596765141304
1267,christy,0.013249749177065997,0.2636800906437333
914,goldfish,0.01360840323624797,0.1232712297968564
738,crs,0.013722914677736925,0.07825680801765973
1452,tauck,0.013917441516672974,0.03923625315104184
1354,globe,0.013969517981760184,0.0014200843469350044
478,dilbert,0.01433172953427336,0.04360880299651704
1163,polaris,0.014451145872313843,-0.0006847581482587427
1205,miyako,0.01454456738242312,0.1674895788540215
1446,oceania,0.014564465106899495,0.05069372039702628
393,serverpronto,0.014895613845221905,0.07801865022997401
529,mediamath,0.014964200912901317,0.055846504027998164
154,altra,0.014968949022104366,0.0061311862688940705
662,glossier,0.01501340450203787,0.11359226849779094
279,collegechoice,0.015230656592418693,0.01964717778655925
1,alias,0.015233587173142486,0.06821677186614095
1029,lumenera,0.015238447269921107,0.044838179660974226
418,contacto,0.01529480896385234,0.021809885619810357
243,aberdeen,0.01583556513932393,0.019810011416977805
1386,sensormatic,0.0162557250367684,0.005184481516278733
1172,xbox,0.016444046180698006,0.0022896737099647683
991,steinlager,0.016619554146265293,-0.07317500481708625
746,esi,0.016632687659672435,0.1336417400151623
1448,riverview,0.016758677541890057,0.0639366643910125
1239,kingsdown,0.017021954276851856,0.04938614216574604
497,tmz,0.017091880705865647,0.05489003816363291
602,careercenter,0.01726333432823179,0.08308798846873626
872,montage,0.01727299594362257,0.07087604510390935
1343,bullard,0.017312373816309956,0.0038573496387512866
1034,princeton,0.01744286942068093,0.05918336147456177
1153,macpac,0.017577766789031998,-0.005781875837112975
223,santander,0.017730852658004774,0.007001881600438308
6,billabong,0.017900420016184675,0.05793434648919994
1107,frabill,0.017920596364288523,-0.06877180116699144
264,morningstar,0.01811597062547384,0.019771574309498854
105,zanella,0.018153082851870096,0.08273301129694098
507,blurb,0.018161313725960214,0.059997875711068425
266,oppenheimerfunds,0.018181569284501837,0.019192004761680405
376,gvtc,0.018218558398456743,0.08989599313680337
960,shearers,0.01829006438410576,0.052485633597134214
269,rochester,0.018646048247284157,0.023774613374436912
1074,kahunaville,0.018724054484091812,0.08055990594189759
1393,tncs,0.018847842045808264,0.007143406060642912
1244,lull,0.018930432277674797,0.059446003039650655
597,sony,0.019277042511062402,0.04218177271832552
956,planters,0.019614460670055026,0.03945817116254457
978,heineken,0.01966712987467018,-0.07401751406169087
425,aopa,0.019674537092076623,0.04405758704240391
1297,kenmore,0.019751041396648537,0.08457800531537991
1369,northstar,0.01995518770253362,0.006614413234229333
10,converse,0.020254570094824016,0.07348064079544203
447,eos,0.020283700113891877,0.09960844365115745
927,folgers,0.020415071180358936,0.06495620885100269
1061,applebees,0.020634891941959506,0.05748538072581455
1135,elan,0.020640755284970655,0.07643618937824329
590,lockhart,0.020822798922648558,0.05393854899942138
1092,caribou,0.02108162651536625,0.06427592557366714
1083,roys,0.021113033667317677,0.0730611566803642
1032,nikon,0.021411492045444437,0.047566622556137174
1040,koerner,0.02142613628239254,0.07032316773247912
711,vicks,0.02144671456815954,0.07250911658883114
241,itau,0.021914724946264733,0.012460648382328264
1088,tippins,0.02194400352608738,0.08005958489629666
853,skippy,0.02227692051118364,0.05966622773062982
944,ovaltine,0.022369181371696446,0.11532953133503816
586,envypak,0.02261012456524066,0.07022070897269417
130,gucci,0.022643891649456606,0.11208315804920449
709,pfizer,0.022780663809911797,0.07816867398419303
1337,airgas,0.02282046841018123,0.013751123314222818
81,hollister,0.02295229977301987,0.08523485704629769
92,pandora,0.023117241225468474,0.08020183491314864
428,minico,0.023266303909762923,0.046895754384238486
1053,abuelos,0.023557627667686258,0.14599889734615298
774,natrol,0.023709734222733838,0.0906783781274559
579,papyrus,0.02393282403717858,0.04482103188120802
1360,interlogix,0.024020979282759782,0.0020794867751025205
949,skittles,0.024249743019623425,0.12865297029433853
1049,mayflower,0.02445132444665309,0.06902755795288534
1403,rki,0.024513892581274784,0.00855881308681454
610,jobsohio,0.024639527645528264,0.06579798195060113
298,conterra,0.02464380626939897,0.0268840683407299
1410,behr,0.024720889336289072,0.09357906226872323
933,sheetz,0.024733777356373592,0.0862900650094329
943,hersheys,0.02553298616088757,0.16897122068485743
449,epson,0.02559554380140783,0.09098437030984256
1077,metro,0.025682704456961754,0.07645460508709809
1058,portillos,0.025708323427141997,0.12902255920215547
510,cues,0.025723657415219568,0.07416892467864027
1345,canary,0.025760022803927494,0.014526354375927666
930,marley,0.025889283833946515,0.10099779461872897
1321,fiora,0.025964960822571683,0.11673652236010199
1335,honeywell,0.02628778382273925,0.01179661583753424
747,essentials,0.02629582131868518,0.12032604305035076
1454,windstar,0.02670052372078612,0.054077050012454796
1469,ruger,0.02728171548660664,0.04409807374375778
1300,milnor,0.02734528936641597,0.09530092024873824
925,keurig,0.027378597197260386,0.062145323367307076
220,jcb,0.027433512272292928,0.017650459559272934
603,careers,0.02747096129072487,0.08378260666758855
1380,rockwool,0.02759544820927992,0.016888138891609658
484,jeffersons,0.027606024304439307,0.04961641619795061
1091,biggby,0.02761982507233543,0.08261813557500515
624,biore,0.02781307551204648,0.14422353849974096
291,tradepmr,0.02786094687869965,0.03970313335637636
1019,gambrinus,0.028279428519297142,-0.06711220551506744
748,estroven,0.028466694238166862,0.2181511346761466
951,babybel,0.028503170851784547,0.1172412811192487
229,speedway,0.028596005331487557,0.02107027767021823
1224,aireloom,0.02867023584285592,0.10404388850048196
80,hincapie,0.028935064903121217,0.06451959838378954
424,amica,0.028988825720937958,0.05790803711290475
938,nescafe,0.029321076320932872,0.08476969674500598
322,bankrate,0.029760628583703107,0.03172047307994997
1362,keyper,0.02979430153233147,0.0046916134601593645
905,nabisco,0.02996754550711667,0.1248515079725194
1299,maytag,0.03005429301913117,0.0750813688305225
1351,edwards,0.030057960013994963,0.017109599834207033
490,mynetworktv,0.030401926154087502,0.05093290906473349
215,citi,0.030434997044922217,0.01894011648816671
1316,chinet,0.0304799536939672,0.12133784280409722
513,dixie,0.03055514209652336,0.10344547166043365
982,landshark,0.030827700107782758,-0.1009289714107133
74,garanimals,0.030899672123479688,0.11130208641522094
599,tempe,0.030926481895723012,0.05659511972737838
1320,cascades,0.03112674784286425,0.08873231295347146
1174,microsoft,0.031265556583195936,0.014138269882091131
100,valentino,0.03159600659436557,0.08948160723013186
320,vested,0.03171627331608573,0.03689759571243406
1450,searcher,0.03186685772665228,0.07033862767839577
15,fila,0.031876191997818486,0.07384332275997835
5,athleta,0.03190152440589852,0.07024261478077024
231,brinks,0.03207065387028992,0.024149116581952654
1177,slingo,0.03218606468899299,0.020119491219865622
907,sandies,0.03236158517131734,0.13242328707195494
58,carhartt,0.032574331870637976,0.07577427457848787
859,coolhaus,0.032702909453326955,0.11824373270850619
735,cocoavia,0.0330405667519746,0.10220367407941225
485,jeopardy,0.0330734194984758,0.05773384396425212
1426,maurer,0.033202413291685974,0.05617486754514094
1397,vivint,0.03330489656317179,0.016920316235639644
1332,kidde,0.03340909865532804,0.02049488092709427
1181,plushies,0.03364396044086441,0.10041281499740527
214,barclaycard,0.03367374913668313,0.021507772162410274
329,lenda,0.03368370744983158,0.04715578992947832
369,centurylink,0.034070915269645556,0.08701938541480729
1389,swann,0.03421389534167212,0.022343062472064128
431,pendo,0.03422492440006769,0.09950754785474408
524,jkr,0.034478060528445494,0.08759321745099857
1157,marmot,0.034557635579292145,0.02367373191827945
921,triscuit,0.03477313149550356,0.15700905926685782
1136,glade,0.03487363099687302,0.10979151355205281
1355,hanwha,0.03520036733465634,0.026874618155329304
22,kjus,0.03521718201778051,0.09038889151610674
1087,stuckeys,0.035601093237956474,0.1965055487976275
998,yuengling,0.03563996350851503,-0.044636680722221
974,carlsberg,0.03591494434103509,-0.044003228303009415
976,coors,0.03618290206194477,-0.05856701865915141
244,alliancebernstein,0.03653830023417509,0.0637516977588863
327,homeloans,0.036710387988613424,0.04033284005175421
1045,sizzler,0.03674086396885364,0.07368036919483802
348,equifax,0.03690750417959122,0.03744859905314115
1158,mbs,0.03692320449003762,0.02566951511769168
1368,msa,0.03730299493168388,0.02505235369406347
55,bonobos,0.03735568901190339,0.07604657491820048
1178,furby,0.03743580907422972,0.022186742018056572
1432,winnebago,0.037596114191959476,0.050613196787290114
1414,glidden,0.03760838344432801,0.10465622909506211
909,annies,0.038043115427704166,0.1633944528687974
1150,fenwick,0.03821540520931328,0.027152146503888207
1336,adt,0.03851658642765459,0.024114131244298002
71,duer,0.038683190144606486,0.11395326020473888
878,sola,0.03874680980947673,0.09780334352155945
1371,panduit,0.03901490926491345,0.029402637746163477
354,mgic,0.039064577925965405,0.04030215949969895
818,sweetleaf,0.03961713868835978,0.13583834804235603
1431,tiffin,0.039987240974487984,0.058413063824227285
1251,reverie,0.04001188802187556,0.08348519891566751
63,covers,0.04003303319181252,0.09386671414149778
861,dove,0.04032722356719924,0.09139716257396874
1296,huebsch,0.04086085059181481,0.09248234162947859
196,tiffany,0.040880515883095006,0.3198851517668253
904,milka,0.04110945511344297,0.15662003175218736
984,presidente,0.041163957837603925,-0.03435429861567953
1391,telaid,0.041297871735976405,0.027429193887229242
347,elevate,0.04163734521213069,0.04836023957922911
1154,mammut,0.04172581316131162,0.028807879865739294
971,budweiser,0.041980038498672295,-0.0552359350949342
1149,duotone,0.042108305080735174,0.031190314719628593
1237,hastens,0.04228591390495044,0.0890163335739163
1434,fahrenheit,0.042369978147985154,0.017969185280626788
1259,voila,0.0427944545478528,0.08141125951013059
1137,nordica,0.04285896924423879,0.10543413451703203
268,proshares,0.04295854436643684,0.04727074879924256
118,birkenstock,0.04296881510532746,0.1293426264560054
261,kpmg,0.043131860969683786,0.04607889346495038
642,jergens,0.04313967483389308,0.1318673184134703
479,doctors,0.043336523198958136,0.07431836964939113
225,sunoco,0.04358120794171355,0.036888992067134634
257,highmark,0.043620495459061284,0.04723133610778606
502,wtvf,0.04372643715673826,0.07843988252265273
1062,bennigans,0.04391850123406123,0.11283161193259139
248,blackrock,0.044202131676769105,0.048851153213618145
321,apgfcu,0.04472150849035396,0.06383812662852391
653,skinceuticals,0.044914107302449484,0.15070490781982648
523,iuniverse,0.04507614505356737,0.08500456404059034
303,hawthorn,0.04510389541585133,0.05125522954489052
467,singlehop,0.04529081274192062,0.07637483967693413
1409,simplexgrinnell,0.045381546415087515,0.027306223647883817
950,snickers,0.04564976756274802,0.13786889780482003
1245,luxi,0.045852627308512584,0.12258690973576106
1180,ubisoft,0.045973496586137086,0.03269680123569962
1145,afp,0.04612198904450139,0.04288851317680396
1404,schlage,0.04621914686225501,0.03435743010887411
506,bazaarvoice,0.046651864478709976,0.07706932400281938
1304,whirlpool,0.04670882073147084,0.09976828803086751
89,munsingwear,0.04677182889911542,0.10839128778511253
877,sdsu,0.04712889743856929,0.09160034759115773
900,kisses,0.04717980236593444,0.16108540043315706
705,motrin,0.04720286890581667,0.09976327744038328
85,lacoste,0.04744793113029147,0.0890848903528916
650,ponds,0.04758723102428902,0.14300132759986695
1460,disneyland,0.04762537597033415,0.0612137974875198
659,dermablend,0.04782762868680816,0.24199647109755887
1322,plainwell,0.0479577631971405,0.10497373562438483
1456,espresso,0.048010793579018364,0.07518326943882675
531,mindspace,0.04819680177875984,0.12694279587726023
1012,hatuey,0.04827549552780694,-0.07623468539263606
1243,luft,0.04857940369223665,0.10103928944427737
1030,olympus,0.04905233479230958,0.08622489548248735
1461,legoland,0.04909665811920266,0.05864633497233448
852,nutella,0.04967533980935187,0.07070184140296729
1400,omnia,0.049916755281908955,0.042674128320727416
240,lindbergh,0.049920907150466966,0.04581374876189643
1255,talley,0.05037173069935276,0.1005902922960476
1036,vivitar,0.05055700525815006,0.08282598731046645
1165,rei,0.05076867461918527,0.04485490973687951
3,asics,0.05080688894445198,0.09073031687539117
227,visa,0.05083391638127406,0.035368261799260725
1079,norms,0.050995284186546135,0.09197955193021405
108,alegria,0.051021376673154595,0.15735091091058823
1346,dahua,0.05109477204200472,0.04263880987597722
1043,mastros,0.05110248195901712,0.16235111781114273
1044,perrys,0.05120367676821134,0.10281943484240974
90,nautica,0.051228740996767635,0.08829464727682226
358,citifinancial,0.05124724689694184,0.05344836808704566
1073,islands,0.0519656904662303,0.10054365442269786
1072,ihop,0.05199790812855394,0.11648250347283884
1330,sos,0.05226117293065657,0.0688492184080858
421,oica,0.05230254843328455,0.06037256647981114
697,schick,0.05231730385364153,0.09149041319235222
1191,wellness,0.052328598437993507,0.1892224943104896
1376,pmi,0.052342156634092335,0.04388616023126116
492,ncis,0.052352315403978264,0.07641379744971152
185,jemma,0.0523585658944701,0.3169198658120125
1001,rogue,0.052404637829056765,-0.039347865781822644
102,versace,0.05241456051700341,0.09542371875814279
957,pringles,0.05298197016241078,0.06562557476372019
755,hellolife,0.052987840231540045,0.1750691798105388
934,starbucks,0.05299660696849898,0.10853574840040926
470,abc,0.053187635745177986,0.09979220705585656
1373,pdt,0.05333882336721146,0.05866736748618172
1085,sharis,0.053344555547995415,0.16758892999578828
993,tecate,0.05398498521961525,-0.014011566127470624
283,tiaa,0.05410171719627819,0.11900939777512656
592,neenah,0.05411805485559223,0.0765151675073332
45,sugoi,0.0541321297637343,0.09901324983201674
955,medora,0.054162454528949217,0.08523721220646538
710,robitussin,0.054538683682882505,0.09621407560637948
1309,interstate,0.054628943910663086,0.08333387446930204
352,kasasa,0.05466517781868485,0.05492436981664618
881,tillamook,0.054727039453275325,0.0907069254589308
459,convio,0.05486775031431665,0.08217004036785552
509,cpr,0.05496072028663228,0.10191992294530719
495,telemundo,0.054980432966312276,0.07826090533304975
1377,qmi,0.055165575616385715,0.04618767724537142
28,mika,0.05518716855454994,0.13138412392865034
178,chanel,0.055277776225749434,0.2912928375598315
293,xm,0.05580751161887733,0.08642022794808443
1383,sdc,0.056191616210122156,0.04538237456160642
239,fuelman,0.05627542573013077,0.04371460602906008
879,talenti,0.0563533345393542,0.14480765949033664
564,fellowes,0.05675657620777548,0.12292030625376107
198,cartier,0.05712394536207151,0.0944660225391719
865,jenis,0.05723804551861118,0.16495155385241633
889,ritas,0.057277416353581176,0.14073293842816612
964,amstel,0.0576058803803146,-0.027097196732663073
1226,bassett,0.05785958023903489,0.12395561336070056
285,marketaxess,0.05801658275330707,0.058789256132740254
1033,polaroid,0.05818575266704242,0.08830772880516258
1250,restonic,0.05822611147682873,0.12302264996332832
168,sperry,0.0582884929391453,0.07236046132249178
1399,firefly,0.058654859575765474,0.050413583327761066
1378,rapiscan,0.05877577586438514,0.049690830913487
864,hudsonville,0.0588938705418785,0.09786324902916903
309,westex,0.05934554887638975,0.0791231775720802
128,fitflop,0.05939909056394935,0.15195887626305482
1334,bilco,0.05942488563913302,0.04578549583251927
1110,halco,0.05947493164255454,-0.05916757445583915
383,netizen,0.0595043408273021,0.13033344898704816
530,mindshare,0.0597341628514009,0.09634706987069389
1366,lutron,0.059776888820726855,0.04840680122145766
1236,essentia,0.05996452225027405,0.10125638161638902
935,buendia,0.060013546502314566,0.1409146595424082
1167,simmons,0.060083776647933615,0.056660818395505116
147,skechers,0.061064941858225266,0.1378249471667306
1348,detex,0.06108859223908142,0.058382802600810524
204,krewe,0.061313125521589115,0.08502455196656196
1433,duralast,0.06185006651377738,0.03139594096450079
595,sato,0.061856154913088275,0.08925178903941744
170,vasque,0.062403846222966027,0.06117958767473823
888,popsicle,0.06254706142305469,0.09442787996818572
211,voca,0.06266660589080802,0.1048823750920681
1357,hive,0.06280258547175582,0.056113574418951304
165,nfinity,0.06315262274473765,0.07989399983112441
419,diveheart,0.06348443934753575,0.0953043015940983
1075,landrys,0.0636098396397756,0.1446208891466782
1108,gamakatsu,0.0638117921913398,-0.04991185538108085
158,ellesse,0.06400573071168124,0.07808337610160185
776,pediasure,0.06405431323882704,0.23501982925101678
1248,nectar,0.06411236831541112,0.10476883139338614
65,cubavera,0.06419627340109876,0.1293085798048477
1015,miller,0.06447414650950152,-0.05012541637721824
270,symm,0.06455576920831374,0.09397197285126509
274,vontobel,0.06518677886539105,0.06568562608422653
635,elemis,0.06526691072587021,0.12852221360965582
201,ess,0.06530257789260582,0.11685937049177217
667,boutique,0.0653541763796244,0.2917267249526716
325,fhlbanks,0.0659673575798995,0.06483730888965639
337,commonbond,0.06597717691006912,0.07547660132332432
656,tula,0.06615448215011022,0.1655345069897779
311,groundfloor,0.06620605502709817,0.08883230721780269
807,isagenix,0.06626820037512028,0.1661544705226003
176,celine,0.06664656214453149,0.3493852302931861
893,dole,0.06678774748397534,0.11413926581556202
132,havaianas,0.06722966126424974,0.1364554761052495
1333,ansul,0.06725743921264254,0.05262684524731097
166,rockport,0.0677612278331031,0.07549695569216282
1038,basler,0.06820762018377756,0.12020222068674355
282,scholarshare,0.0683494737920414,0.07665475322182268
573,smead,0.06844964852325007,0.1318065895092484
1325,palmolive,0.06862194837491573,0.1784882034927131
252,edvest,0.06864019615591543,0.0706282960559295
417,cityteam,0.0689247749113456,0.0814415789594557
906,oreo,0.0692469432204325,0.17629732090504424
1363,kwikset,0.06933298801447482,0.059314489315902934
692,bevel,0.06935956325531197,0.09760215351865731
1159,moser,0.06954916269586629,0.07197070428096164
420,humankind,0.06983166224266157,0.07461088883025166
1242,lucid,0.06984244817498632,0.12185980117121036
558,arcadia,0.06988512375101075,0.15885467454737306
224,scotiabank,0.06997808855764391,0.06309234877140958
587,frankfort,0.07021581327567325,0.1006093819162306
1340,aperio,0.0702550400787465,0.06292652567847917
423,aacsb,0.07037445562678438,0.07394129404784078
1166,sears,0.07081442435542276,0.06310249151243344
596,seton,0.07087242726706133,0.10417686303417871
1407,bullex,0.07153483633178204,0.0713116409890606
205,luxottica,0.07158971398558575,0.0860972066789702
606,elance,0.0725858743542784,0.1170397313608317
113,balenciaga,0.07283126727258868,0.14735592722232038
50,vuori,0.0732491460306111,0.1725289905012966
342,sofi,0.07334881933894585,0.09102089160954638
1344,california,0.07355530787225889,0.06736430226130671
1232,eclipse,0.07388407687398071,0.1159010221048479
1227,beautyrest,0.07390798509800607,0.11560061891723442
1430,stoughton,0.07396876465783231,0.09723555428849409
703,goodys,0.07409680700817772,0.26842470085504283
253,evergreen,0.07418545063348668,0.08845217988425645
1060,lins,0.07445151482540426,0.1378676300281032
217,disney,0.0745716565807396,0.07344339281871647
1388,simplisafe,0.07467170363116468,0.05254053894309045
966,bofferding,0.07505903647047123,-0.0029402974191378925
981,labatt,0.07573250144734532,-0.010231656129030906
1423,hillsboro,0.07574786532583527,0.09969227782986309
1395,trinity,0.0757593744083468,0.07320939964977397
1294,electrolux,0.07592954717477855,0.12595760972117193
1402,ripple,0.07683137068019937,0.07384176106116215
481,fremantlemedia,0.0768941407568694,0.0954193766040695
163,merrell,0.07710780593599653,0.08828386963220675
1086,souplantation,0.07713167464491229,0.10886015883881156
1238,hyphen,0.07714279661557834,0.1264623853878719
1156,manitou,0.07734743136187781,0.07570327446638371
280,massmutual,0.07757022408084846,0.0797917199962563
1249,ortho,0.07762655594736617,0.11546135641014726
79,hanes,0.077827587121354,0.13533150319035944
1364,lifeshield,0.07790833895982427,0.0585139845888498
627,cetaphil,0.07809655661049265,0.14877150161555697
277,metlife,0.07823250603434523,0.08288430240335509
1103,daiichi,0.07825942600027191,0.016543036553921982
1283,posh,0.07839068016903514,0.255569734977896
1069,hooters,0.07857453757373752,0.11113706611393284
494,tampico,0.07874695957419793,0.1123424426220329
1000,redhook,0.07978589212885238,-0.011355777161759437
236,univision,0.07982513725627197,0.08069569655036195
615,showbiz,0.08067044483812258,0.14541348394730363
1098,bucks,0.08100687115369769,0.012419907576114754
1457,travelworld,0.08147867941544076,0.11276698516871199
305,raiffeisenbank,0.08189134724805788,0.08572539512234653
1155,manduka,0.08225606518054167,0.07515070967281917
1179,nintendo,0.0822909414571047,0.06527181963868628
544,quantcast,0.08242029231009515,0.1149728379176019
939,abuelita,0.08266764546685461,0.2225775255052971
284,upromise,0.08302931674186403,0.08221884654014842
1435,optima,0.08303436507194725,0.06205701904748452
60,chaps,0.08308365021816104,0.13152054633663057
1093,acme,0.08317669853182641,-0.0016728126212569808
1449,seabourn,0.08347017791299301,0.10330985918754074
625,caudalie,0.08366163826007889,0.17274925248648199
942,ghirardelli,0.0836628625401359,0.16923276702818324
1173,capcom,0.08389324063010536,0.07027216689383595
216,citibank,0.08412670454654532,0.07271869829299653
902,marinela,0.08452387499227787,0.2591829689927674
307,transunion,0.08458209649773488,0.09469467366692942
1254,serta,0.08500462232028652,0.10926685156322608
1094,ardent,0.08527864942752077,0.014758770512098791
346,citimortgage,0.08536448975616373,0.0951379260128552
972,bundaberg,0.08581576769308255,0.028785109062749538
987,sapporo,0.08651268055182464,0.009961518067978929
1427,newmar,0.0870908253982601,0.10216162578516842
1341,arlo,0.08734355037758726,0.08442817860601491
491,nbc,0.08788358791204759,0.13401174766865145
237,svm,0.088162723329363,0.09041180971971834
658,weleda,0.08839743351026844,0.18042983428017229
1338,alula,0.08897924025223652,0.09090202881983737
883,abbotts,0.08975766294406168,0.14501395115484628
994,troegs,0.09163563890574947,-0.030376351955653587
299,dmm,0.09179848626498904,0.10265704952421989
226,unionpay,0.09207145830053323,0.10077879430926667
979,icehouse,0.09218512513392582,-0.002814274537680311
854,smuckers,0.09284980674717766,0.12691692904615162
1119,norman,0.09531218492525384,-0.008841937858512812
850,justins,0.09558336480356538,0.14971211211782656
233,metabank,0.09616584491281438,0.08364513520078298
990,sol,0.09632629760091452,0.015045875404567862
1436,aida,0.09636420431781689,0.15010314756519214
1006,badger,0.09658754528539616,0.02022678320672822
126,dansko,0.09663464964641834,0.19090533470076126
858,breyers,0.0966532029588723,0.12613750421974923
218,ebay,0.09721835293284191,0.10263473447664012
1349,drager,0.09722919420900004,0.08740433602431398
323,cibc,0.09747915226632305,0.10181663418013512
1125,redington,0.09793494879267386,0.02737447169813117
898,grandmas,0.09813328168224816,0.23235519621067718
856,sunbutter,0.09868204826025044,0.17492973306585552
851,maranatha,0.09901267370581336,0.14774233605975656
973,busch,0.09968036673964546,0.03714877900631032
1126,rio,0.09973238470958184,0.027375634047997387
258,horizons,0.09980042486119348,0.11064351738149047
141,naturalizer,0.10010120566321773,0.16931843179477568
968,bridgeport,0.1012459887635839,0.036405839170305404
324,elend,0.10178948772104184,0.1946517584832421
1358,holmatro,0.10219703048109284,0.09300495818059482
95,prada,0.10325885292336029,0.14582632062611567
622,aveda,0.10342761840062303,0.17333538702158552
318,keybank,0.10348650428480279,0.1188045796694221
94,poplin,0.10396140171319547,0.19086976915130793
242,aarp,0.10400254288596618,0.11238854047561621
326,hecm,0.10413803773093916,0.09716218016787889
271,transamerica,0.1045796130035172,0.11074203717989461
975,chang,0.10631943324080669,0.04878895195005587
617,teksystems,0.10654041962260295,0.16681178153071177
1105,fishsticks,0.10654563120595692,0.0013291639594780885
1350,dsx,0.10724165016518442,0.10222840596431843
1114,lews,0.10732972370461516,-7.870766232511046e-05
1121,okuma,0.10755477456724748,0.0324258807072242
999,mcmenamins,0.1079954611107713,0.02425924111083231
849,jif,0.10846379282983075,0.12994789637011978
969,brooklyn,0.10859785502056174,0.04362489712415647
127,dior,0.10897847643803149,0.1953113497879132
235,paypal,0.10943788114904568,0.10215455987185428
823,xylitol,0.10951514669550705,0.1273774550343169
1014,keystone,0.11011810332734832,0.03590533150262355
1076,mels,0.11062595769817224,0.21511658204582157
1246,magniflex,0.11067008018015971,0.1592470989761695
1466,mahoneys,0.11072430759511244,0.17207733036013512
891,starburst,0.1112510008911097,0.1505994762815766
1020,guinness,0.11150874128954588,0.02254718367582679
422,naacp,0.11154048850589272,0.11793563061332696
1116,mirrolures,0.11271256208303809,0.0009348325130852583
1018,elysian,0.11345959953789748,0.03531735648350527
1266,buffy,0.1134621527882372,0.3082756197559998
357,titlemax,0.11346658369814185,0.14157242918981564
1127,shakespeare,0.11359270542565489,0.04567470683771497
967,boricua,0.11369614105842221,0.04283892242584338
623,aveeno,0.11380387933770245,0.1820605324012106
1318,kleenex,0.11425494323551832,0.16117608341949158
1007,celis,0.1152566872451711,0.05056719076466841
770,mila,0.11561263829578712,0.26856928946765923
992,sunup,0.11632917888182188,0.0431830437110111
1005,amberbock,0.11791362663566571,0.0006672585692356278
1099,cabelas,0.12016666687181901,0.030938737376211653
1120,northland,0.12022635660857921,0.040145717511176
232,lsc,0.12036571484936626,0.1331976377728063
1130,vexilar,0.12138410750611635,0.01185080780811371
1013,hensley,0.12167344734721543,0.058464257846301854
958,publix,0.12294806887272855,0.14576049455048534
1023,speakeasy,0.12296914696632008,0.05030843121628027
996,wachusett,0.1233022400997757,0.06727009814256876
1101,cortland,0.12533283199388223,0.053499628215308084
1122,penn,0.1254889375633854,0.0610178352531204
334,unison,0.12703966327699404,0.13681431102997887
1096,blakemore,0.12817213634867627,0.04842161290357082
963,altstadt,0.12843581684665534,0.049731926229175175
980,indio,0.12974060841339483,0.08229582653296871
1347,daymark,0.1302903888142632,0.13913420879609767
997,widmer,0.13144282980910182,0.06952513586711379
844,cheerios,0.13150287909531017,0.18735150607140025
1118,mystic,0.13155678484358865,0.062427073525647775
707,benadryl,0.13266594845659913,0.16139187571171126
1106,flambeau,0.1329692639163199,0.060842867948267244
820,truvia,0.13304481824879538,0.15893356607599185
977,corona,0.1339676381756642,0.05554578219011195
1437,aquafest,0.13462769740727049,0.20819487345159493
641,goop,0.13867276672187517,0.22373457508179473
637,eucerin,0.13896998931637317,0.22654720322489674
1016,raven,0.13963961130349375,0.0787817671917683
989,shiner,0.14172460640793838,0.06613740141530225
874,reeses,0.1427546101053968,0.21151688958779574
480,elementary,0.14286402316783306,0.18011570957571482
970,bruz,0.14314916090999533,0.13006832775928912
1113,kalins,0.14315226530480135,0.023568180748519123
1129,ukko,0.1431534213417363,0.04488528131666112
1339,angee,0.14360623305256576,0.1592637370563288
1401,rexing,0.14486605923641743,0.15005843799165466
983,michelob,0.14595756118860306,0.05307261548476904
1102,cuda,0.14596544959772403,0.07590659740534633
1128,sunline,0.1462389963904914,0.09153033456046078
1100,castaway,0.1465391693208445,0.07220830193789106
110,andrea,0.14658887353353567,0.3140827208559159
129,fuchsia,0.14686094477901254,0.2675550208578059
1002,mickeys,0.14744465545068774,0.09424564867928248
1406,whistler,0.14826864765870956,0.14736361265994904
817,splenda,0.1484597981638018,0.15424540957930055
482,goldbergs,0.14889872841614538,0.18480544101628843
1009,estrella,0.14939578551232477,0.09830976439717817
1003,smirnoff,0.15008341363998226,0.05944116214479703
621,ahava,0.15056917330111969,0.21683495921592627
1443,electra,0.1517102644377809,0.22709363362845147
221,macerich,0.15186525727211045,0.152189246343514
1123,plano,0.15187433890644253,0.0917886117363672
228,walmart,0.15229888904612246,0.16507606193587904
477,dateline,0.15267966586677245,0.18412111547452176
1442,cunard,0.1530634974495884,0.16581905452450035
822,wholesome,0.155619977243886,0.20565664445901474
988,schlafly,0.1557856151004922,0.08952884717478146
1021,hoboken,0.1564913374698703,0.10976837941778413
1008,dutchess,0.15790607305150064,0.11384091525654022
965,bells,0.15947888026457857,0.10596095551001314
1109,gerber,0.1610384089485088,0.09714466142447362
985,rainier,0.16335700386012206,0.11607603389246893
276,athene,0.16424648393540953,0.19600793242305897
630,clinique,0.1656430089141792,0.22547837643261806
647,neutrogena,0.165804592389997,0.21892223156441915
1017,schells,0.1660385240907073,0.15325835011762573
629,clarins,0.16864494886079245,0.23128249272650503
339,mefa,0.17064033392600364,0.1639502233252713
13,dkny,0.1738231031561833,0.1833441207479682
1146,bushnell,0.17483796946927144,0.19821330111103058
1453,twilight,0.17577156034844504,0.2327646912129439
167,ryka,0.1774212247504593,0.2709854760948335
98,supermodels,0.1818989225072875,0.2630550835592438
26,lululemon,0.18366890968106844,0.20137848847833784
1004,sparks,0.18480513388473327,0.1587669450571786
632,dermalogica,0.18737570200882936,0.24690356304364436
1022,pabst,0.18779860743775295,0.09534183374828223
142,nina,0.1880429374713586,0.3612118078816373
1010,hamms,0.1939585894804231,0.13613826052410796
101,venus,0.19427531881918023,0.2723706676816472
37,roxy,0.19439450624622123,0.28679897102226704
652,shiseido,0.19623917909847918,0.25927965865829206
578,hallmark,0.19911881448252106,0.22423737741679894
995,victoria,0.20267242169423583,0.18289915080812916
1095,berkley,0.20625615973448946,0.12960242897527843
633,dickinsons,0.20729571595848897,0.3372539373664018
1111,jiffy,0.21675478136919143,0.15622428141054073
140,melissa,0.21736800872156525,0.3952181469825965
1361,iris,0.21864275570366107,0.24110266561582647
1115,maxima,0.22345189771506807,0.16851348180596715
212,vogue,0.2299715463097968,0.30120179235342015
122,chloe,0.23154231441859274,0.3886427133574454
1241,leesa,0.25007302886383376,0.3324859472212374
1124,rainshadow,0.264364056417815,0.21586086013238442
200,elle,0.26683596679282734,0.4080388006490365
489,mom,0.27738395310584296,0.33331973402853965
986,redds,0.29110852790081854,0.25287986290595066
